id,type,name,params_len,argument_len,start_line,start_column,end_line,end_column,file_name,new_id
1,Program,,-1,-1,2,0,57,3,/Users/masudulhasanmasudbhuiyan/Documents/gitlab/libraries/chalk/benchmark.js,0
2,ImportDeclaration,,-1,-1,2,0,2,31,/Users/masudulhasanmasudbhuiyan/Documents/gitlab/libraries/chalk/benchmark.js,1
3,ImportDefaultSpecifier,,-1,-1,2,7,2,12,/Users/masudulhasanmasudbhuiyan/Documents/gitlab/libraries/chalk/benchmark.js,2
4,Identifier,chalk,-1,-1,2,7,2,12,/Users/masudulhasanmasudbhuiyan/Documents/gitlab/libraries/chalk/benchmark.js,3
6,CallExpression,suite,-1,2,4,0,57,2,/Users/masudulhasanmasudbhuiyan/Documents/gitlab/libraries/chalk/benchmark.js,4
7,Identifier,suite,-1,-1,4,0,4,5,/Users/masudulhasanmasudbhuiyan/Documents/gitlab/libraries/chalk/benchmark.js,5
8,ArrowFunctionExpression,,0,-1,4,15,57,1,/Users/masudulhasanmasudbhuiyan/Documents/gitlab/libraries/chalk/benchmark.js,6
10,VariableDeclaration,,-1,-1,5,1,5,28,/Users/masudulhasanmasudbhuiyan/Documents/gitlab/libraries/chalk/benchmark.js,7
12,Identifier,chalkRed,-1,-1,5,7,5,15,/Users/masudulhasanmasudbhuiyan/Documents/gitlab/libraries/chalk/benchmark.js,8
14,Identifier,red,-1,-1,5,24,5,27,/Users/masudulhasanmasudbhuiyan/Documents/gitlab/libraries/chalk/benchmark.js,9
15,VariableDeclaration,,-1,-1,6,1,6,32,/Users/masudulhasanmasudbhuiyan/Documents/gitlab/libraries/chalk/benchmark.js,10
17,Identifier,chalkBgRed,-1,-1,6,7,6,17,/Users/masudulhasanmasudbhuiyan/Documents/gitlab/libraries/chalk/benchmark.js,11
19,Identifier,bgRed,-1,-1,6,26,6,31,/Users/masudulhasanmasudbhuiyan/Documents/gitlab/libraries/chalk/benchmark.js,12
20,VariableDeclaration,,-1,-1,7,1,7,41,/Users/masudulhasanmasudbhuiyan/Documents/gitlab/libraries/chalk/benchmark.js,13
22,Identifier,chalkBlueBgRed,-1,-1,7,7,7,21,/Users/masudulhasanmasudbhuiyan/Documents/gitlab/libraries/chalk/benchmark.js,14
25,Identifier,blue,-1,-1,7,30,7,34,/Users/masudulhasanmasudbhuiyan/Documents/gitlab/libraries/chalk/benchmark.js,15
26,VariableDeclaration,,-1,-1,8,1,8,50,/Users/masudulhasanmasudbhuiyan/Documents/gitlab/libraries/chalk/benchmark.js,16
28,Identifier,chalkBlueBgRedBold,-1,-1,8,7,8,25,/Users/masudulhasanmasudbhuiyan/Documents/gitlab/libraries/chalk/benchmark.js,17
32,Identifier,bold,-1,-1,8,45,8,49,/Users/masudulhasanmasudbhuiyan/Documents/gitlab/libraries/chalk/benchmark.js,18
33,VariableDeclaration,,-1,-1,10,1,10,82,/Users/masudulhasanmasudbhuiyan/Documents/gitlab/libraries/chalk/benchmark.js,19
35,Identifier,blueStyledString,-1,-1,10,7,10,23,/Users/masudulhasanmasudbhuiyan/Documents/gitlab/libraries/chalk/benchmark.js,20
38,CallExpression,blue,-1,1,10,44,10,75,/Users/masudulhasanmasudbhuiyan/Documents/gitlab/libraries/chalk/benchmark.js,21
41,CallExpression,bench,-1,2,12,1,14,3,/Users/masudulhasanmasudbhuiyan/Documents/gitlab/libraries/chalk/benchmark.js,22
42,Identifier,bench,-1,-1,12,1,12,6,/Users/masudulhasanmasudbhuiyan/Documents/gitlab/libraries/chalk/benchmark.js,23
43,ArrowFunctionExpression,,0,-1,12,18,14,2,/Users/masudulhasanmasudbhuiyan/Documents/gitlab/libraries/chalk/benchmark.js,24
46,CallExpression,red,-1,1,13,2,13,46,/Users/masudulhasanmasudbhuiyan/Documents/gitlab/libraries/chalk/benchmark.js,25
49,CallExpression,bench,-1,2,16,1,18,3,/Users/masudulhasanmasudbhuiyan/Documents/gitlab/libraries/chalk/benchmark.js,26
50,ArrowFunctionExpression,,0,-1,16,19,18,2,/Users/masudulhasanmasudbhuiyan/Documents/gitlab/libraries/chalk/benchmark.js,27
53,CallExpression,bgRed,-1,1,17,2,17,53,/Users/masudulhasanmasudbhuiyan/Documents/gitlab/libraries/chalk/benchmark.js,28
57,CallExpression,bench,-1,2,20,1,22,3,/Users/masudulhasanmasudbhuiyan/Documents/gitlab/libraries/chalk/benchmark.js,29
58,ArrowFunctionExpression,,0,-1,20,19,22,2,/Users/masudulhasanmasudbhuiyan/Documents/gitlab/libraries/chalk/benchmark.js,30
61,CallExpression,bold,-1,1,21,2,21,58,/Users/masudulhasanmasudbhuiyan/Documents/gitlab/libraries/chalk/benchmark.js,31
66,CallExpression,bench,-1,2,24,1,26,3,/Users/masudulhasanmasudbhuiyan/Documents/gitlab/libraries/chalk/benchmark.js,32
67,ArrowFunctionExpression,,0,-1,24,26,26,2,/Users/masudulhasanmasudbhuiyan/Documents/gitlab/libraries/chalk/benchmark.js,33
70,CallExpression,chalkRed,-1,1,25,2,25,45,/Users/masudulhasanmasudbhuiyan/Documents/gitlab/libraries/chalk/benchmark.js,34
72,CallExpression,bench,-1,2,28,1,30,3,/Users/masudulhasanmasudbhuiyan/Documents/gitlab/libraries/chalk/benchmark.js,35
73,ArrowFunctionExpression,,0,-1,28,27,30,2,/Users/masudulhasanmasudbhuiyan/Documents/gitlab/libraries/chalk/benchmark.js,36
76,CallExpression,chalkBlueBgRed,-1,1,29,2,29,51,/Users/masudulhasanmasudbhuiyan/Documents/gitlab/libraries/chalk/benchmark.js,37
78,CallExpression,bench,-1,2,32,1,34,3,/Users/masudulhasanmasudbhuiyan/Documents/gitlab/libraries/chalk/benchmark.js,38
79,ArrowFunctionExpression,,0,-1,32,27,34,2,/Users/masudulhasanmasudbhuiyan/Documents/gitlab/libraries/chalk/benchmark.js,39
82,CallExpression,chalkBlueBgRedBold,-1,1,33,2,33,55,/Users/masudulhasanmasudbhuiyan/Documents/gitlab/libraries/chalk/benchmark.js,40
84,CallExpression,bench,-1,2,36,1,38,3,/Users/masudulhasanmasudbhuiyan/Documents/gitlab/libraries/chalk/benchmark.js,41
85,ArrowFunctionExpression,,0,-1,36,39,38,2,/Users/masudulhasanmasudbhuiyan/Documents/gitlab/libraries/chalk/benchmark.js,42
88,CallExpression,chalkRed,-1,1,37,2,37,46,/Users/masudulhasanmasudbhuiyan/Documents/gitlab/libraries/chalk/benchmark.js,43
90,CallExpression,bench,-1,2,40,1,42,3,/Users/masudulhasanmasudbhuiyan/Documents/gitlab/libraries/chalk/benchmark.js,44
91,ArrowFunctionExpression,,0,-1,40,46,42,2,/Users/masudulhasanmasudbhuiyan/Documents/gitlab/libraries/chalk/benchmark.js,45
94,CallExpression,chalkRed,-1,1,41,2,41,28,/Users/masudulhasanmasudbhuiyan/Documents/gitlab/libraries/chalk/benchmark.js,46
96,CallExpression,bench,-1,2,44,1,46,3,/Users/masudulhasanmasudbhuiyan/Documents/gitlab/libraries/chalk/benchmark.js,47
97,ArrowFunctionExpression,,0,-1,44,50,46,2,/Users/masudulhasanmasudbhuiyan/Documents/gitlab/libraries/chalk/benchmark.js,48
100,CallExpression,chalkBgRed,-1,1,45,2,45,30,/Users/masudulhasanmasudbhuiyan/Documents/gitlab/libraries/chalk/benchmark.js,49
102,CallExpression,bench,-1,2,48,1,51,3,/Users/masudulhasanmasudbhuiyan/Documents/gitlab/libraries/chalk/benchmark.js,50
103,ArrowFunctionExpression,,0,-1,48,43,51,2,/Users/masudulhasanmasudbhuiyan/Documents/gitlab/libraries/chalk/benchmark.js,51
106,TaggedTemplateExpression,,-1,-1,50,2,50,43,/Users/masudulhasanmasudbhuiyan/Documents/gitlab/libraries/chalk/benchmark.js,52
107,TemplateLiteral,,-1,-1,50,10,50,43,/Users/masudulhasanmasudbhuiyan/Documents/gitlab/libraries/chalk/benchmark.js,53
108,TemplateElement,,-1,-1,50,10,50,43,/Users/masudulhasanmasudbhuiyan/Documents/gitlab/libraries/chalk/benchmark.js,54
110,CallExpression,bench,-1,2,53,1,56,3,/Users/masudulhasanmasudbhuiyan/Documents/gitlab/libraries/chalk/benchmark.js,55
111,ArrowFunctionExpression,,0,-1,53,49,56,2,/Users/masudulhasanmasudbhuiyan/Documents/gitlab/libraries/chalk/benchmark.js,56
114,TaggedTemplateExpression,,-1,-1,55,2,55,62,/Users/masudulhasanmasudbhuiyan/Documents/gitlab/libraries/chalk/benchmark.js,57
115,TemplateLiteral,,-1,-1,55,10,55,62,/Users/masudulhasanmasudbhuiyan/Documents/gitlab/libraries/chalk/benchmark.js,58
116,TemplateElement,,-1,-1,55,10,55,62,/Users/masudulhasanmasudbhuiyan/Documents/gitlab/libraries/chalk/benchmark.js,59
117,Program,,-1,-1,1,0,27,1,/Users/masudulhasanmasudbhuiyan/Documents/gitlab/libraries/chalk/examples/screenshot.js,60
118,ImportDeclaration,,-1,-1,1,0,1,35,/Users/masudulhasanmasudbhuiyan/Documents/gitlab/libraries/chalk/examples/screenshot.js,61
119,ImportDefaultSpecifier,,-1,-1,1,7,1,14,/Users/masudulhasanmasudbhuiyan/Documents/gitlab/libraries/chalk/examples/screenshot.js,62
120,Identifier,process,-1,-1,1,7,1,14,/Users/masudulhasanmasudbhuiyan/Documents/gitlab/libraries/chalk/examples/screenshot.js,63
121,ImportDeclaration,,-1,-1,2,0,2,33,/Users/masudulhasanmasudbhuiyan/Documents/gitlab/libraries/chalk/examples/screenshot.js,64
122,ImportDefaultSpecifier,,-1,-1,2,7,2,13,/Users/masudulhasanmasudbhuiyan/Documents/gitlab/libraries/chalk/examples/screenshot.js,65
123,Identifier,styles,-1,-1,2,7,2,13,/Users/masudulhasanmasudbhuiyan/Documents/gitlab/libraries/chalk/examples/screenshot.js,66
124,ImportDeclaration,,-1,-1,3,0,3,39,/Users/masudulhasanmasudbhuiyan/Documents/gitlab/libraries/chalk/examples/screenshot.js,67
125,ImportDefaultSpecifier,,-1,-1,3,7,3,12,/Users/masudulhasanmasudbhuiyan/Documents/gitlab/libraries/chalk/examples/screenshot.js,68
126,Identifier,chalk,-1,-1,3,7,3,12,/Users/masudulhasanmasudbhuiyan/Documents/gitlab/libraries/chalk/examples/screenshot.js,69
127,ForOfStatement,,-1,-1,6,0,27,1,/Users/masudulhasanmasudbhuiyan/Documents/gitlab/libraries/chalk/examples/screenshot.js,70
128,VariableDeclaration,,-1,-1,6,5,6,14,/Users/masudulhasanmasudbhuiyan/Documents/gitlab/libraries/chalk/examples/screenshot.js,71
130,Identifier,key,-1,-1,6,11,6,14,/Users/masudulhasanmasudbhuiyan/Documents/gitlab/libraries/chalk/examples/screenshot.js,72
131,CallExpression,keys,-1,1,6,18,6,37,/Users/masudulhasanmasudbhuiyan/Documents/gitlab/libraries/chalk/examples/screenshot.js,73
133,Identifier,Object,-1,-1,6,18,6,24,/Users/masudulhasanmasudbhuiyan/Documents/gitlab/libraries/chalk/examples/screenshot.js,74
134,Identifier,keys,-1,-1,6,25,6,29,/Users/masudulhasanmasudbhuiyan/Documents/gitlab/libraries/chalk/examples/screenshot.js,75
136,VariableDeclaration,,-1,-1,7,1,7,23,/Users/masudulhasanmasudbhuiyan/Documents/gitlab/libraries/chalk/examples/screenshot.js,76
138,Identifier,returnValue,-1,-1,7,5,7,16,/Users/masudulhasanmasudbhuiyan/Documents/gitlab/libraries/chalk/examples/screenshot.js,77
139,IfStatement,,-1,-1,10,1,20,2,/Users/masudulhasanmasudbhuiyan/Documents/gitlab/libraries/chalk/examples/screenshot.js,78
152,CallExpression,endsWith,-1,1,17,6,17,28,/Users/masudulhasanmasudbhuiyan/Documents/gitlab/libraries/chalk/examples/screenshot.js,79
154,Identifier,endsWith,-1,-1,17,10,17,18,/Users/masudulhasanmasudbhuiyan/Documents/gitlab/libraries/chalk/examples/screenshot.js,80
156,ContinueStatement,,-1,-1,19,2,19,11,/Users/masudulhasanmasudbhuiyan/Documents/gitlab/libraries/chalk/examples/screenshot.js,81
157,IfStatement,,-1,-1,22,1,24,2,/Users/masudulhasanmasudbhuiyan/Documents/gitlab/libraries/chalk/examples/screenshot.js,82
158,CallExpression,test,-1,1,22,5,22,24,/Users/masudulhasanmasudbhuiyan/Documents/gitlab/libraries/chalk/examples/screenshot.js,83
160,Identifier,test,-1,-1,22,15,22,19,/Users/masudulhasanmasudbhuiyan/Documents/gitlab/libraries/chalk/examples/screenshot.js,84
164,CallExpression,black,-1,1,23,16,23,40,/Users/masudulhasanmasudbhuiyan/Documents/gitlab/libraries/chalk/examples/screenshot.js,85
166,Identifier,black,-1,-1,23,22,23,27,/Users/masudulhasanmasudbhuiyan/Documents/gitlab/libraries/chalk/examples/screenshot.js,86
168,CallExpression,write,-1,1,26,1,26,52,/Users/masudulhasanmasudbhuiyan/Documents/gitlab/libraries/chalk/examples/screenshot.js,87
171,Identifier,stdout,-1,-1,26,9,26,15,/Users/masudulhasanmasudbhuiyan/Documents/gitlab/libraries/chalk/examples/screenshot.js,88
172,Identifier,write,-1,-1,26,16,26,21,/Users/masudulhasanmasudbhuiyan/Documents/gitlab/libraries/chalk/examples/screenshot.js,89
174,CallExpression,key,-1,1,26,22,26,45,/Users/masudulhasanmasudbhuiyan/Documents/gitlab/libraries/chalk/examples/screenshot.js,90
176,Program,,-1,-1,2,0,33,1,/Users/masudulhasanmasudbhuiyan/Documents/gitlab/libraries/chalk/source/utilities.js,91
177,ExportNamedDeclaration,,-1,-1,2,0,19,1,/Users/masudulhasanmasudbhuiyan/Documents/gitlab/libraries/chalk/source/utilities.js,92
178,FunctionDeclaration,stringReplaceAll,3,-1,2,7,19,1,/Users/masudulhasanmasudbhuiyan/Documents/gitlab/libraries/chalk/source/utilities.js,93
179,Identifier,stringReplaceAll,-1,-1,2,16,2,32,/Users/masudulhasanmasudbhuiyan/Documents/gitlab/libraries/chalk/source/utilities.js,94
180,Identifier,string,-1,-1,2,33,2,39,/Users/masudulhasanmasudbhuiyan/Documents/gitlab/libraries/chalk/source/utilities.js,95
181,Identifier,substring,-1,-1,2,41,2,50,/Users/masudulhasanmasudbhuiyan/Documents/gitlab/libraries/chalk/source/utilities.js,96
182,Identifier,replacer,-1,-1,2,52,2,60,/Users/masudulhasanmasudbhuiyan/Documents/gitlab/libraries/chalk/source/utilities.js,97
184,VariableDeclaration,,-1,-1,3,1,3,39,/Users/masudulhasanmasudbhuiyan/Documents/gitlab/libraries/chalk/source/utilities.js,98
186,Identifier,index,-1,-1,3,5,3,10,/Users/masudulhasanmasudbhuiyan/Documents/gitlab/libraries/chalk/source/utilities.js,99
187,CallExpression,indexOf,-1,1,3,13,3,38,/Users/masudulhasanmasudbhuiyan/Documents/gitlab/libraries/chalk/source/utilities.js,100
189,Identifier,indexOf,-1,-1,3,20,3,27,/Users/masudulhasanmasudbhuiyan/Documents/gitlab/libraries/chalk/source/utilities.js,101
190,IfStatement,,-1,-1,4,1,6,2,/Users/masudulhasanmasudbhuiyan/Documents/gitlab/libraries/chalk/source/utilities.js,102
192,UnaryExpression,,-1,-1,4,15,4,17,/Users/masudulhasanmasudbhuiyan/Documents/gitlab/libraries/chalk/source/utilities.js,103
194,ReturnStatement,,-1,-1,5,2,5,16,/Users/masudulhasanmasudbhuiyan/Documents/gitlab/libraries/chalk/source/utilities.js,104
195,VariableDeclaration,,-1,-1,8,1,8,42,/Users/masudulhasanmasudbhuiyan/Documents/gitlab/libraries/chalk/source/utilities.js,105
197,Identifier,substringLength,-1,-1,8,7,8,22,/Users/masudulhasanmasudbhuiyan/Documents/gitlab/libraries/chalk/source/utilities.js,106
199,Identifier,length,-1,-1,8,35,8,41,/Users/masudulhasanmasudbhuiyan/Documents/gitlab/libraries/chalk/source/utilities.js,107
200,VariableDeclaration,,-1,-1,9,1,9,18,/Users/masudulhasanmasudbhuiyan/Documents/gitlab/libraries/chalk/source/utilities.js,108
202,Identifier,endIndex,-1,-1,9,5,9,13,/Users/masudulhasanmasudbhuiyan/Documents/gitlab/libraries/chalk/source/utilities.js,109
203,VariableDeclaration,,-1,-1,10,1,10,22,/Users/masudulhasanmasudbhuiyan/Documents/gitlab/libraries/chalk/source/utilities.js,110
205,Identifier,returnValue,-1,-1,10,5,10,16,/Users/masudulhasanmasudbhuiyan/Documents/gitlab/libraries/chalk/source/utilities.js,111
206,DoWhileStatement,,-1,-1,11,1,15,24,/Users/masudulhasanmasudbhuiyan/Documents/gitlab/libraries/chalk/source/utilities.js,112
212,CallExpression,slice,-1,2,12,17,12,46,/Users/masudulhasanmasudbhuiyan/Documents/gitlab/libraries/chalk/source/utilities.js,113
214,Identifier,slice,-1,-1,12,24,12,29,/Users/masudulhasanmasudbhuiyan/Documents/gitlab/libraries/chalk/source/utilities.js,114
220,CallExpression,indexOf,-1,2,14,10,14,45,/Users/masudulhasanmasudbhuiyan/Documents/gitlab/libraries/chalk/source/utilities.js,115
223,UnaryExpression,,-1,-1,15,20,15,22,/Users/masudulhasanmasudbhuiyan/Documents/gitlab/libraries/chalk/source/utilities.js,116
226,CallExpression,slice,-1,1,17,16,17,38,/Users/masudulhasanmasudbhuiyan/Documents/gitlab/libraries/chalk/source/utilities.js,117
228,ReturnStatement,,-1,-1,18,1,18,20,/Users/masudulhasanmasudbhuiyan/Documents/gitlab/libraries/chalk/source/utilities.js,118
229,ExportNamedDeclaration,,-1,-1,21,0,33,1,/Users/masudulhasanmasudbhuiyan/Documents/gitlab/libraries/chalk/source/utilities.js,119
230,FunctionDeclaration,stringEncaseCRLFWithFirstIndex,4,-1,21,7,33,1,/Users/masudulhasanmasudbhuiyan/Documents/gitlab/libraries/chalk/source/utilities.js,120
231,Identifier,stringEncaseCRLFWithFirstIndex,-1,-1,21,16,21,46,/Users/masudulhasanmasudbhuiyan/Documents/gitlab/libraries/chalk/source/utilities.js,121
232,Identifier,prefix,-1,-1,21,55,21,61,/Users/masudulhasanmasudbhuiyan/Documents/gitlab/libraries/chalk/source/utilities.js,122
233,Identifier,postfix,-1,-1,21,63,21,70,/Users/masudulhasanmasudbhuiyan/Documents/gitlab/libraries/chalk/source/utilities.js,123
235,VariableDeclaration,,-1,-1,22,1,22,18,/Users/masudulhasanmasudbhuiyan/Documents/gitlab/libraries/chalk/source/utilities.js,124
237,VariableDeclaration,,-1,-1,23,1,23,22,/Users/masudulhasanmasudbhuiyan/Documents/gitlab/libraries/chalk/source/utilities.js,125
239,DoWhileStatement,,-1,-1,24,1,29,24,/Users/masudulhasanmasudbhuiyan/Documents/gitlab/libraries/chalk/source/utilities.js,126
241,VariableDeclaration,,-1,-1,25,2,25,43,/Users/masudulhasanmasudbhuiyan/Documents/gitlab/libraries/chalk/source/utilities.js,127
243,Identifier,gotCR,-1,-1,25,8,25,13,/Users/masudulhasanmasudbhuiyan/Documents/gitlab/libraries/chalk/source/utilities.js,128
252,CallExpression,slice,-1,2,26,17,26,68,/Users/masudulhasanmasudbhuiyan/Documents/gitlab/libraries/chalk/source/utilities.js,129
254,ConditionalExpression,,-1,-1,26,41,26,66,/Users/masudulhasanmasudbhuiyan/Documents/gitlab/libraries/chalk/source/utilities.js,130
256,ConditionalExpression,,-1,-1,26,81,26,102,/Users/masudulhasanmasudbhuiyan/Documents/gitlab/libraries/chalk/source/utilities.js,131
262,CallExpression,indexOf,-1,2,28,10,28,40,/Users/masudulhasanmasudbhuiyan/Documents/gitlab/libraries/chalk/source/utilities.js,132
265,UnaryExpression,,-1,-1,29,20,29,22,/Users/masudulhasanmasudbhuiyan/Documents/gitlab/libraries/chalk/source/utilities.js,133
268,CallExpression,slice,-1,1,31,16,31,38,/Users/masudulhasanmasudbhuiyan/Documents/gitlab/libraries/chalk/source/utilities.js,134
270,ReturnStatement,,-1,-1,32,1,32,20,/Users/masudulhasanmasudbhuiyan/Documents/gitlab/libraries/chalk/source/utilities.js,135
271,Program,,-1,-1,1,0,223,26,/Users/masudulhasanmasudbhuiyan/Documents/gitlab/libraries/chalk/source/vendor/ansi-styles/index.js,136
272,VariableDeclaration,,-1,-1,1,0,1,34,/Users/masudulhasanmasudbhuiyan/Documents/gitlab/libraries/chalk/source/vendor/ansi-styles/index.js,137
274,Identifier,ANSI_BACKGROUND_OFFSET,-1,-1,1,6,1,28,/Users/masudulhasanmasudbhuiyan/Documents/gitlab/libraries/chalk/source/vendor/ansi-styles/index.js,138
275,VariableDeclaration,,-1,-1,3,0,3,70,/Users/masudulhasanmasudbhuiyan/Documents/gitlab/libraries/chalk/source/vendor/ansi-styles/index.js,139
277,Identifier,wrapAnsi16,-1,-1,3,6,3,16,/Users/masudulhasanmasudbhuiyan/Documents/gitlab/libraries/chalk/source/vendor/ansi-styles/index.js,140
278,ArrowFunctionExpression,,1,-1,3,19,3,69,/Users/masudulhasanmasudbhuiyan/Documents/gitlab/libraries/chalk/source/vendor/ansi-styles/index.js,141
279,AssignmentPattern,,-1,-1,3,20,3,30,/Users/masudulhasanmasudbhuiyan/Documents/gitlab/libraries/chalk/source/vendor/ansi-styles/index.js,142
280,Identifier,offset,-1,-1,3,20,3,26,/Users/masudulhasanmasudbhuiyan/Documents/gitlab/libraries/chalk/source/vendor/ansi-styles/index.js,143
281,ArrowFunctionExpression,,1,-1,3,35,3,69,/Users/masudulhasanmasudbhuiyan/Documents/gitlab/libraries/chalk/source/vendor/ansi-styles/index.js,144
282,Identifier,code,-1,-1,3,35,3,39,/Users/masudulhasanmasudbhuiyan/Documents/gitlab/libraries/chalk/source/vendor/ansi-styles/index.js,145
283,TemplateLiteral,,-1,-1,3,43,3,69,/Users/masudulhasanmasudbhuiyan/Documents/gitlab/libraries/chalk/source/vendor/ansi-styles/index.js,146
284,TemplateElement,,-1,-1,3,43,3,53,/Users/masudulhasanmasudbhuiyan/Documents/gitlab/libraries/chalk/source/vendor/ansi-styles/index.js,147
285,TemplateElement,,-1,-1,3,66,3,69,/Users/masudulhasanmasudbhuiyan/Documents/gitlab/libraries/chalk/source/vendor/ansi-styles/index.js,148
287,VariableDeclaration,,-1,-1,5,0,5,79,/Users/masudulhasanmasudbhuiyan/Documents/gitlab/libraries/chalk/source/vendor/ansi-styles/index.js,149
289,Identifier,wrapAnsi256,-1,-1,5,6,5,17,/Users/masudulhasanmasudbhuiyan/Documents/gitlab/libraries/chalk/source/vendor/ansi-styles/index.js,150
290,ArrowFunctionExpression,,1,-1,5,20,5,78,/Users/masudulhasanmasudbhuiyan/Documents/gitlab/libraries/chalk/source/vendor/ansi-styles/index.js,151
291,AssignmentPattern,,-1,-1,5,21,5,31,/Users/masudulhasanmasudbhuiyan/Documents/gitlab/libraries/chalk/source/vendor/ansi-styles/index.js,152
292,ArrowFunctionExpression,,1,-1,5,36,5,78,/Users/masudulhasanmasudbhuiyan/Documents/gitlab/libraries/chalk/source/vendor/ansi-styles/index.js,153
293,TemplateLiteral,,-1,-1,5,44,5,78,/Users/masudulhasanmasudbhuiyan/Documents/gitlab/libraries/chalk/source/vendor/ansi-styles/index.js,154
294,TemplateElement,,-1,-1,5,44,5,54,/Users/masudulhasanmasudbhuiyan/Documents/gitlab/libraries/chalk/source/vendor/ansi-styles/index.js,155
295,TemplateElement,,-1,-1,5,65,5,71,/Users/masudulhasanmasudbhuiyan/Documents/gitlab/libraries/chalk/source/vendor/ansi-styles/index.js,156
296,TemplateElement,,-1,-1,5,75,5,78,/Users/masudulhasanmasudbhuiyan/Documents/gitlab/libraries/chalk/source/vendor/ansi-styles/index.js,157
298,VariableDeclaration,,-1,-1,7,0,7,109,/Users/masudulhasanmasudbhuiyan/Documents/gitlab/libraries/chalk/source/vendor/ansi-styles/index.js,158
300,Identifier,wrapAnsi16m,-1,-1,7,6,7,17,/Users/masudulhasanmasudbhuiyan/Documents/gitlab/libraries/chalk/source/vendor/ansi-styles/index.js,159
301,ArrowFunctionExpression,,1,-1,7,20,7,108,/Users/masudulhasanmasudbhuiyan/Documents/gitlab/libraries/chalk/source/vendor/ansi-styles/index.js,160
302,AssignmentPattern,,-1,-1,7,21,7,31,/Users/masudulhasanmasudbhuiyan/Documents/gitlab/libraries/chalk/source/vendor/ansi-styles/index.js,161
303,ArrowFunctionExpression,,3,-1,7,36,7,108,/Users/masudulhasanmasudbhuiyan/Documents/gitlab/libraries/chalk/source/vendor/ansi-styles/index.js,162
304,Identifier,red,-1,-1,7,37,7,40,/Users/masudulhasanmasudbhuiyan/Documents/gitlab/libraries/chalk/source/vendor/ansi-styles/index.js,163
305,Identifier,green,-1,-1,7,42,7,47,/Users/masudulhasanmasudbhuiyan/Documents/gitlab/libraries/chalk/source/vendor/ansi-styles/index.js,164
306,Identifier,blue,-1,-1,7,49,7,53,/Users/masudulhasanmasudbhuiyan/Documents/gitlab/libraries/chalk/source/vendor/ansi-styles/index.js,165
307,TemplateLiteral,,-1,-1,7,58,7,108,/Users/masudulhasanmasudbhuiyan/Documents/gitlab/libraries/chalk/source/vendor/ansi-styles/index.js,166
308,TemplateElement,,-1,-1,7,58,7,68,/Users/masudulhasanmasudbhuiyan/Documents/gitlab/libraries/chalk/source/vendor/ansi-styles/index.js,167
309,TemplateElement,,-1,-1,7,79,7,85,/Users/masudulhasanmasudbhuiyan/Documents/gitlab/libraries/chalk/source/vendor/ansi-styles/index.js,168
310,TemplateElement,,-1,-1,7,88,7,92,/Users/masudulhasanmasudbhuiyan/Documents/gitlab/libraries/chalk/source/vendor/ansi-styles/index.js,169
311,TemplateElement,,-1,-1,7,97,7,101,/Users/masudulhasanmasudbhuiyan/Documents/gitlab/libraries/chalk/source/vendor/ansi-styles/index.js,170
312,TemplateElement,,-1,-1,7,105,7,108,/Users/masudulhasanmasudbhuiyan/Documents/gitlab/libraries/chalk/source/vendor/ansi-styles/index.js,171
314,VariableDeclaration,,-1,-1,9,0,66,2,/Users/masudulhasanmasudbhuiyan/Documents/gitlab/libraries/chalk/source/vendor/ansi-styles/index.js,172
316,Identifier,styles,-1,-1,9,6,9,12,/Users/masudulhasanmasudbhuiyan/Documents/gitlab/libraries/chalk/source/vendor/ansi-styles/index.js,173
317,ObjectExpression,,-1,-1,9,15,66,1,/Users/masudulhasanmasudbhuiyan/Documents/gitlab/libraries/chalk/source/vendor/ansi-styles/index.js,174
319,Identifier,modifier,-1,-1,10,1,10,9,/Users/masudulhasanmasudbhuiyan/Documents/gitlab/libraries/chalk/source/vendor/ansi-styles/index.js,175
320,ObjectExpression,,-1,-1,10,11,21,2,/Users/masudulhasanmasudbhuiyan/Documents/gitlab/libraries/chalk/source/vendor/ansi-styles/index.js,176
322,Identifier,reset,-1,-1,11,2,11,7,/Users/masudulhasanmasudbhuiyan/Documents/gitlab/libraries/chalk/source/vendor/ansi-styles/index.js,177
323,ArrayExpression,,-1,-1,11,9,11,15,/Users/masudulhasanmasudbhuiyan/Documents/gitlab/libraries/chalk/source/vendor/ansi-styles/index.js,178
325,Identifier,bold,-1,-1,13,2,13,6,/Users/masudulhasanmasudbhuiyan/Documents/gitlab/libraries/chalk/source/vendor/ansi-styles/index.js,179
326,ArrayExpression,,-1,-1,13,8,13,15,/Users/masudulhasanmasudbhuiyan/Documents/gitlab/libraries/chalk/source/vendor/ansi-styles/index.js,180
328,Identifier,dim,-1,-1,14,2,14,5,/Users/masudulhasanmasudbhuiyan/Documents/gitlab/libraries/chalk/source/vendor/ansi-styles/index.js,181
329,ArrayExpression,,-1,-1,14,7,14,14,/Users/masudulhasanmasudbhuiyan/Documents/gitlab/libraries/chalk/source/vendor/ansi-styles/index.js,182
331,Identifier,italic,-1,-1,15,2,15,8,/Users/masudulhasanmasudbhuiyan/Documents/gitlab/libraries/chalk/source/vendor/ansi-styles/index.js,183
332,ArrayExpression,,-1,-1,15,10,15,17,/Users/masudulhasanmasudbhuiyan/Documents/gitlab/libraries/chalk/source/vendor/ansi-styles/index.js,184
334,Identifier,underline,-1,-1,16,2,16,11,/Users/masudulhasanmasudbhuiyan/Documents/gitlab/libraries/chalk/source/vendor/ansi-styles/index.js,185
335,ArrayExpression,,-1,-1,16,13,16,20,/Users/masudulhasanmasudbhuiyan/Documents/gitlab/libraries/chalk/source/vendor/ansi-styles/index.js,186
337,Identifier,overline,-1,-1,17,2,17,10,/Users/masudulhasanmasudbhuiyan/Documents/gitlab/libraries/chalk/source/vendor/ansi-styles/index.js,187
338,ArrayExpression,,-1,-1,17,12,17,20,/Users/masudulhasanmasudbhuiyan/Documents/gitlab/libraries/chalk/source/vendor/ansi-styles/index.js,188
340,Identifier,inverse,-1,-1,18,2,18,9,/Users/masudulhasanmasudbhuiyan/Documents/gitlab/libraries/chalk/source/vendor/ansi-styles/index.js,189
341,ArrayExpression,,-1,-1,18,11,18,18,/Users/masudulhasanmasudbhuiyan/Documents/gitlab/libraries/chalk/source/vendor/ansi-styles/index.js,190
343,Identifier,hidden,-1,-1,19,2,19,8,/Users/masudulhasanmasudbhuiyan/Documents/gitlab/libraries/chalk/source/vendor/ansi-styles/index.js,191
344,ArrayExpression,,-1,-1,19,10,19,17,/Users/masudulhasanmasudbhuiyan/Documents/gitlab/libraries/chalk/source/vendor/ansi-styles/index.js,192
346,Identifier,strikethrough,-1,-1,20,2,20,15,/Users/masudulhasanmasudbhuiyan/Documents/gitlab/libraries/chalk/source/vendor/ansi-styles/index.js,193
347,ArrayExpression,,-1,-1,20,17,20,24,/Users/masudulhasanmasudbhuiyan/Documents/gitlab/libraries/chalk/source/vendor/ansi-styles/index.js,194
349,Identifier,color,-1,-1,22,1,22,6,/Users/masudulhasanmasudbhuiyan/Documents/gitlab/libraries/chalk/source/vendor/ansi-styles/index.js,195
350,ObjectExpression,,-1,-1,22,8,43,2,/Users/masudulhasanmasudbhuiyan/Documents/gitlab/libraries/chalk/source/vendor/ansi-styles/index.js,196
352,Identifier,black,-1,-1,23,2,23,7,/Users/masudulhasanmasudbhuiyan/Documents/gitlab/libraries/chalk/source/vendor/ansi-styles/index.js,197
353,ArrayExpression,,-1,-1,23,9,23,17,/Users/masudulhasanmasudbhuiyan/Documents/gitlab/libraries/chalk/source/vendor/ansi-styles/index.js,198
355,ArrayExpression,,-1,-1,24,7,24,15,/Users/masudulhasanmasudbhuiyan/Documents/gitlab/libraries/chalk/source/vendor/ansi-styles/index.js,199
357,ArrayExpression,,-1,-1,25,9,25,17,/Users/masudulhasanmasudbhuiyan/Documents/gitlab/libraries/chalk/source/vendor/ansi-styles/index.js,200
359,Identifier,yellow,-1,-1,26,2,26,8,/Users/masudulhasanmasudbhuiyan/Documents/gitlab/libraries/chalk/source/vendor/ansi-styles/index.js,201
360,ArrayExpression,,-1,-1,26,10,26,18,/Users/masudulhasanmasudbhuiyan/Documents/gitlab/libraries/chalk/source/vendor/ansi-styles/index.js,202
362,ArrayExpression,,-1,-1,27,8,27,16,/Users/masudulhasanmasudbhuiyan/Documents/gitlab/libraries/chalk/source/vendor/ansi-styles/index.js,203
364,Identifier,magenta,-1,-1,28,2,28,9,/Users/masudulhasanmasudbhuiyan/Documents/gitlab/libraries/chalk/source/vendor/ansi-styles/index.js,204
365,ArrayExpression,,-1,-1,28,11,28,19,/Users/masudulhasanmasudbhuiyan/Documents/gitlab/libraries/chalk/source/vendor/ansi-styles/index.js,205
367,Identifier,cyan,-1,-1,29,2,29,6,/Users/masudulhasanmasudbhuiyan/Documents/gitlab/libraries/chalk/source/vendor/ansi-styles/index.js,206
368,ArrayExpression,,-1,-1,29,8,29,16,/Users/masudulhasanmasudbhuiyan/Documents/gitlab/libraries/chalk/source/vendor/ansi-styles/index.js,207
370,Identifier,white,-1,-1,30,2,30,7,/Users/masudulhasanmasudbhuiyan/Documents/gitlab/libraries/chalk/source/vendor/ansi-styles/index.js,208
371,ArrayExpression,,-1,-1,30,9,30,17,/Users/masudulhasanmasudbhuiyan/Documents/gitlab/libraries/chalk/source/vendor/ansi-styles/index.js,209
373,Identifier,blackBright,-1,-1,33,2,33,13,/Users/masudulhasanmasudbhuiyan/Documents/gitlab/libraries/chalk/source/vendor/ansi-styles/index.js,210
374,ArrayExpression,,-1,-1,33,15,33,23,/Users/masudulhasanmasudbhuiyan/Documents/gitlab/libraries/chalk/source/vendor/ansi-styles/index.js,211
376,Identifier,gray,-1,-1,34,2,34,6,/Users/masudulhasanmasudbhuiyan/Documents/gitlab/libraries/chalk/source/vendor/ansi-styles/index.js,212
377,ArrayExpression,,-1,-1,34,8,34,16,/Users/masudulhasanmasudbhuiyan/Documents/gitlab/libraries/chalk/source/vendor/ansi-styles/index.js,213
379,Identifier,grey,-1,-1,35,2,35,6,/Users/masudulhasanmasudbhuiyan/Documents/gitlab/libraries/chalk/source/vendor/ansi-styles/index.js,214
380,ArrayExpression,,-1,-1,35,8,35,16,/Users/masudulhasanmasudbhuiyan/Documents/gitlab/libraries/chalk/source/vendor/ansi-styles/index.js,215
382,Identifier,redBright,-1,-1,36,2,36,11,/Users/masudulhasanmasudbhuiyan/Documents/gitlab/libraries/chalk/source/vendor/ansi-styles/index.js,216
383,ArrayExpression,,-1,-1,36,13,36,21,/Users/masudulhasanmasudbhuiyan/Documents/gitlab/libraries/chalk/source/vendor/ansi-styles/index.js,217
385,Identifier,greenBright,-1,-1,37,2,37,13,/Users/masudulhasanmasudbhuiyan/Documents/gitlab/libraries/chalk/source/vendor/ansi-styles/index.js,218
386,ArrayExpression,,-1,-1,37,15,37,23,/Users/masudulhasanmasudbhuiyan/Documents/gitlab/libraries/chalk/source/vendor/ansi-styles/index.js,219
388,Identifier,yellowBright,-1,-1,38,2,38,14,/Users/masudulhasanmasudbhuiyan/Documents/gitlab/libraries/chalk/source/vendor/ansi-styles/index.js,220
389,ArrayExpression,,-1,-1,38,16,38,24,/Users/masudulhasanmasudbhuiyan/Documents/gitlab/libraries/chalk/source/vendor/ansi-styles/index.js,221
391,Identifier,blueBright,-1,-1,39,2,39,12,/Users/masudulhasanmasudbhuiyan/Documents/gitlab/libraries/chalk/source/vendor/ansi-styles/index.js,222
392,ArrayExpression,,-1,-1,39,14,39,22,/Users/masudulhasanmasudbhuiyan/Documents/gitlab/libraries/chalk/source/vendor/ansi-styles/index.js,223
394,Identifier,magentaBright,-1,-1,40,2,40,15,/Users/masudulhasanmasudbhuiyan/Documents/gitlab/libraries/chalk/source/vendor/ansi-styles/index.js,224
395,ArrayExpression,,-1,-1,40,17,40,25,/Users/masudulhasanmasudbhuiyan/Documents/gitlab/libraries/chalk/source/vendor/ansi-styles/index.js,225
397,Identifier,cyanBright,-1,-1,41,2,41,12,/Users/masudulhasanmasudbhuiyan/Documents/gitlab/libraries/chalk/source/vendor/ansi-styles/index.js,226
398,ArrayExpression,,-1,-1,41,14,41,22,/Users/masudulhasanmasudbhuiyan/Documents/gitlab/libraries/chalk/source/vendor/ansi-styles/index.js,227
400,Identifier,whiteBright,-1,-1,42,2,42,13,/Users/masudulhasanmasudbhuiyan/Documents/gitlab/libraries/chalk/source/vendor/ansi-styles/index.js,228
401,ArrayExpression,,-1,-1,42,15,42,23,/Users/masudulhasanmasudbhuiyan/Documents/gitlab/libraries/chalk/source/vendor/ansi-styles/index.js,229
403,Identifier,bgColor,-1,-1,44,1,44,8,/Users/masudulhasanmasudbhuiyan/Documents/gitlab/libraries/chalk/source/vendor/ansi-styles/index.js,230
404,ObjectExpression,,-1,-1,44,10,65,2,/Users/masudulhasanmasudbhuiyan/Documents/gitlab/libraries/chalk/source/vendor/ansi-styles/index.js,231
406,Identifier,bgBlack,-1,-1,45,2,45,9,/Users/masudulhasanmasudbhuiyan/Documents/gitlab/libraries/chalk/source/vendor/ansi-styles/index.js,232
407,ArrayExpression,,-1,-1,45,11,45,19,/Users/masudulhasanmasudbhuiyan/Documents/gitlab/libraries/chalk/source/vendor/ansi-styles/index.js,233
409,Identifier,bgRed,-1,-1,46,2,46,7,/Users/masudulhasanmasudbhuiyan/Documents/gitlab/libraries/chalk/source/vendor/ansi-styles/index.js,234
410,ArrayExpression,,-1,-1,46,9,46,17,/Users/masudulhasanmasudbhuiyan/Documents/gitlab/libraries/chalk/source/vendor/ansi-styles/index.js,235
412,Identifier,bgGreen,-1,-1,47,2,47,9,/Users/masudulhasanmasudbhuiyan/Documents/gitlab/libraries/chalk/source/vendor/ansi-styles/index.js,236
413,ArrayExpression,,-1,-1,47,11,47,19,/Users/masudulhasanmasudbhuiyan/Documents/gitlab/libraries/chalk/source/vendor/ansi-styles/index.js,237
415,Identifier,bgYellow,-1,-1,48,2,48,10,/Users/masudulhasanmasudbhuiyan/Documents/gitlab/libraries/chalk/source/vendor/ansi-styles/index.js,238
416,ArrayExpression,,-1,-1,48,12,48,20,/Users/masudulhasanmasudbhuiyan/Documents/gitlab/libraries/chalk/source/vendor/ansi-styles/index.js,239
418,Identifier,bgBlue,-1,-1,49,2,49,8,/Users/masudulhasanmasudbhuiyan/Documents/gitlab/libraries/chalk/source/vendor/ansi-styles/index.js,240
419,ArrayExpression,,-1,-1,49,10,49,18,/Users/masudulhasanmasudbhuiyan/Documents/gitlab/libraries/chalk/source/vendor/ansi-styles/index.js,241
421,Identifier,bgMagenta,-1,-1,50,2,50,11,/Users/masudulhasanmasudbhuiyan/Documents/gitlab/libraries/chalk/source/vendor/ansi-styles/index.js,242
422,ArrayExpression,,-1,-1,50,13,50,21,/Users/masudulhasanmasudbhuiyan/Documents/gitlab/libraries/chalk/source/vendor/ansi-styles/index.js,243
424,Identifier,bgCyan,-1,-1,51,2,51,8,/Users/masudulhasanmasudbhuiyan/Documents/gitlab/libraries/chalk/source/vendor/ansi-styles/index.js,244
425,ArrayExpression,,-1,-1,51,10,51,18,/Users/masudulhasanmasudbhuiyan/Documents/gitlab/libraries/chalk/source/vendor/ansi-styles/index.js,245
427,Identifier,bgWhite,-1,-1,52,2,52,9,/Users/masudulhasanmasudbhuiyan/Documents/gitlab/libraries/chalk/source/vendor/ansi-styles/index.js,246
428,ArrayExpression,,-1,-1,52,11,52,19,/Users/masudulhasanmasudbhuiyan/Documents/gitlab/libraries/chalk/source/vendor/ansi-styles/index.js,247
430,Identifier,bgBlackBright,-1,-1,55,2,55,15,/Users/masudulhasanmasudbhuiyan/Documents/gitlab/libraries/chalk/source/vendor/ansi-styles/index.js,248
431,ArrayExpression,,-1,-1,55,17,55,26,/Users/masudulhasanmasudbhuiyan/Documents/gitlab/libraries/chalk/source/vendor/ansi-styles/index.js,249
433,Identifier,bgGray,-1,-1,56,2,56,8,/Users/masudulhasanmasudbhuiyan/Documents/gitlab/libraries/chalk/source/vendor/ansi-styles/index.js,250
434,ArrayExpression,,-1,-1,56,10,56,19,/Users/masudulhasanmasudbhuiyan/Documents/gitlab/libraries/chalk/source/vendor/ansi-styles/index.js,251
436,Identifier,bgGrey,-1,-1,57,2,57,8,/Users/masudulhasanmasudbhuiyan/Documents/gitlab/libraries/chalk/source/vendor/ansi-styles/index.js,252
437,ArrayExpression,,-1,-1,57,10,57,19,/Users/masudulhasanmasudbhuiyan/Documents/gitlab/libraries/chalk/source/vendor/ansi-styles/index.js,253
439,Identifier,bgRedBright,-1,-1,58,2,58,13,/Users/masudulhasanmasudbhuiyan/Documents/gitlab/libraries/chalk/source/vendor/ansi-styles/index.js,254
440,ArrayExpression,,-1,-1,58,15,58,24,/Users/masudulhasanmasudbhuiyan/Documents/gitlab/libraries/chalk/source/vendor/ansi-styles/index.js,255
442,Identifier,bgGreenBright,-1,-1,59,2,59,15,/Users/masudulhasanmasudbhuiyan/Documents/gitlab/libraries/chalk/source/vendor/ansi-styles/index.js,256
443,ArrayExpression,,-1,-1,59,17,59,26,/Users/masudulhasanmasudbhuiyan/Documents/gitlab/libraries/chalk/source/vendor/ansi-styles/index.js,257
445,Identifier,bgYellowBright,-1,-1,60,2,60,16,/Users/masudulhasanmasudbhuiyan/Documents/gitlab/libraries/chalk/source/vendor/ansi-styles/index.js,258
446,ArrayExpression,,-1,-1,60,18,60,27,/Users/masudulhasanmasudbhuiyan/Documents/gitlab/libraries/chalk/source/vendor/ansi-styles/index.js,259
448,Identifier,bgBlueBright,-1,-1,61,2,61,14,/Users/masudulhasanmasudbhuiyan/Documents/gitlab/libraries/chalk/source/vendor/ansi-styles/index.js,260
449,ArrayExpression,,-1,-1,61,16,61,25,/Users/masudulhasanmasudbhuiyan/Documents/gitlab/libraries/chalk/source/vendor/ansi-styles/index.js,261
451,Identifier,bgMagentaBright,-1,-1,62,2,62,17,/Users/masudulhasanmasudbhuiyan/Documents/gitlab/libraries/chalk/source/vendor/ansi-styles/index.js,262
452,ArrayExpression,,-1,-1,62,19,62,28,/Users/masudulhasanmasudbhuiyan/Documents/gitlab/libraries/chalk/source/vendor/ansi-styles/index.js,263
454,Identifier,bgCyanBright,-1,-1,63,2,63,14,/Users/masudulhasanmasudbhuiyan/Documents/gitlab/libraries/chalk/source/vendor/ansi-styles/index.js,264
455,ArrayExpression,,-1,-1,63,16,63,25,/Users/masudulhasanmasudbhuiyan/Documents/gitlab/libraries/chalk/source/vendor/ansi-styles/index.js,265
457,Identifier,bgWhiteBright,-1,-1,64,2,64,15,/Users/masudulhasanmasudbhuiyan/Documents/gitlab/libraries/chalk/source/vendor/ansi-styles/index.js,266
458,ArrayExpression,,-1,-1,64,17,64,26,/Users/masudulhasanmasudbhuiyan/Documents/gitlab/libraries/chalk/source/vendor/ansi-styles/index.js,267
459,ExportNamedDeclaration,,-1,-1,68,0,68,58,/Users/masudulhasanmasudbhuiyan/Documents/gitlab/libraries/chalk/source/vendor/ansi-styles/index.js,268
460,VariableDeclaration,,-1,-1,68,7,68,58,/Users/masudulhasanmasudbhuiyan/Documents/gitlab/libraries/chalk/source/vendor/ansi-styles/index.js,269
462,Identifier,modifierNames,-1,-1,68,13,68,26,/Users/masudulhasanmasudbhuiyan/Documents/gitlab/libraries/chalk/source/vendor/ansi-styles/index.js,270
463,CallExpression,keys,-1,1,68,29,68,57,/Users/masudulhasanmasudbhuiyan/Documents/gitlab/libraries/chalk/source/vendor/ansi-styles/index.js,271
465,Identifier,Object,-1,-1,68,29,68,35,/Users/masudulhasanmasudbhuiyan/Documents/gitlab/libraries/chalk/source/vendor/ansi-styles/index.js,272
466,Identifier,keys,-1,-1,68,36,68,40,/Users/masudulhasanmasudbhuiyan/Documents/gitlab/libraries/chalk/source/vendor/ansi-styles/index.js,273
468,ExportNamedDeclaration,,-1,-1,69,0,69,62,/Users/masudulhasanmasudbhuiyan/Documents/gitlab/libraries/chalk/source/vendor/ansi-styles/index.js,274
469,VariableDeclaration,,-1,-1,69,7,69,62,/Users/masudulhasanmasudbhuiyan/Documents/gitlab/libraries/chalk/source/vendor/ansi-styles/index.js,275
471,Identifier,foregroundColorNames,-1,-1,69,13,69,33,/Users/masudulhasanmasudbhuiyan/Documents/gitlab/libraries/chalk/source/vendor/ansi-styles/index.js,276
472,CallExpression,keys,-1,1,69,36,69,61,/Users/masudulhasanmasudbhuiyan/Documents/gitlab/libraries/chalk/source/vendor/ansi-styles/index.js,277
475,ExportNamedDeclaration,,-1,-1,70,0,70,64,/Users/masudulhasanmasudbhuiyan/Documents/gitlab/libraries/chalk/source/vendor/ansi-styles/index.js,278
476,VariableDeclaration,,-1,-1,70,7,70,64,/Users/masudulhasanmasudbhuiyan/Documents/gitlab/libraries/chalk/source/vendor/ansi-styles/index.js,279
478,Identifier,backgroundColorNames,-1,-1,70,13,70,33,/Users/masudulhasanmasudbhuiyan/Documents/gitlab/libraries/chalk/source/vendor/ansi-styles/index.js,280
479,CallExpression,keys,-1,1,70,36,70,63,/Users/masudulhasanmasudbhuiyan/Documents/gitlab/libraries/chalk/source/vendor/ansi-styles/index.js,281
482,ExportNamedDeclaration,,-1,-1,71,0,71,77,/Users/masudulhasanmasudbhuiyan/Documents/gitlab/libraries/chalk/source/vendor/ansi-styles/index.js,282
483,VariableDeclaration,,-1,-1,71,7,71,77,/Users/masudulhasanmasudbhuiyan/Documents/gitlab/libraries/chalk/source/vendor/ansi-styles/index.js,283
485,Identifier,colorNames,-1,-1,71,13,71,23,/Users/masudulhasanmasudbhuiyan/Documents/gitlab/libraries/chalk/source/vendor/ansi-styles/index.js,284
486,ArrayExpression,,-1,-1,71,26,71,76,/Users/masudulhasanmasudbhuiyan/Documents/gitlab/libraries/chalk/source/vendor/ansi-styles/index.js,285
487,SpreadElement,,-1,-1,71,27,71,50,/Users/masudulhasanmasudbhuiyan/Documents/gitlab/libraries/chalk/source/vendor/ansi-styles/index.js,286
488,SpreadElement,,-1,-1,71,52,71,75,/Users/masudulhasanmasudbhuiyan/Documents/gitlab/libraries/chalk/source/vendor/ansi-styles/index.js,287
489,FunctionDeclaration,assembleStyles,0,-1,73,0,219,1,/Users/masudulhasanmasudbhuiyan/Documents/gitlab/libraries/chalk/source/vendor/ansi-styles/index.js,288
490,Identifier,assembleStyles,-1,-1,73,9,73,23,/Users/masudulhasanmasudbhuiyan/Documents/gitlab/libraries/chalk/source/vendor/ansi-styles/index.js,289
492,VariableDeclaration,,-1,-1,74,1,74,25,/Users/masudulhasanmasudbhuiyan/Documents/gitlab/libraries/chalk/source/vendor/ansi-styles/index.js,290
494,Identifier,codes,-1,-1,74,7,74,12,/Users/masudulhasanmasudbhuiyan/Documents/gitlab/libraries/chalk/source/vendor/ansi-styles/index.js,291
495,NewExpression,Map,-1,0,74,15,74,24,/Users/masudulhasanmasudbhuiyan/Documents/gitlab/libraries/chalk/source/vendor/ansi-styles/index.js,292
496,Identifier,Map,-1,-1,74,19,74,22,/Users/masudulhasanmasudbhuiyan/Documents/gitlab/libraries/chalk/source/vendor/ansi-styles/index.js,293
497,ForOfStatement,,-1,-1,76,1,92,2,/Users/masudulhasanmasudbhuiyan/Documents/gitlab/libraries/chalk/source/vendor/ansi-styles/index.js,294
498,VariableDeclaration,,-1,-1,76,6,76,30,/Users/masudulhasanmasudbhuiyan/Documents/gitlab/libraries/chalk/source/vendor/ansi-styles/index.js,295
500,ArrayPattern,,-1,-1,76,12,76,30,/Users/masudulhasanmasudbhuiyan/Documents/gitlab/libraries/chalk/source/vendor/ansi-styles/index.js,296
501,Identifier,groupName,-1,-1,76,13,76,22,/Users/masudulhasanmasudbhuiyan/Documents/gitlab/libraries/chalk/source/vendor/ansi-styles/index.js,297
502,Identifier,group,-1,-1,76,24,76,29,/Users/masudulhasanmasudbhuiyan/Documents/gitlab/libraries/chalk/source/vendor/ansi-styles/index.js,298
503,CallExpression,entries,-1,1,76,34,76,56,/Users/masudulhasanmasudbhuiyan/Documents/gitlab/libraries/chalk/source/vendor/ansi-styles/index.js,299
505,Identifier,entries,-1,-1,76,41,76,48,/Users/masudulhasanmasudbhuiyan/Documents/gitlab/libraries/chalk/source/vendor/ansi-styles/index.js,300
507,ForOfStatement,,-1,-1,77,2,86,3,/Users/masudulhasanmasudbhuiyan/Documents/gitlab/libraries/chalk/source/vendor/ansi-styles/index.js,301
508,VariableDeclaration,,-1,-1,77,7,77,31,/Users/masudulhasanmasudbhuiyan/Documents/gitlab/libraries/chalk/source/vendor/ansi-styles/index.js,302
510,ArrayPattern,,-1,-1,77,13,77,31,/Users/masudulhasanmasudbhuiyan/Documents/gitlab/libraries/chalk/source/vendor/ansi-styles/index.js,303
511,Identifier,styleName,-1,-1,77,14,77,23,/Users/masudulhasanmasudbhuiyan/Documents/gitlab/libraries/chalk/source/vendor/ansi-styles/index.js,304
512,Identifier,style,-1,-1,77,25,77,30,/Users/masudulhasanmasudbhuiyan/Documents/gitlab/libraries/chalk/source/vendor/ansi-styles/index.js,305
513,CallExpression,entries,-1,1,77,35,77,56,/Users/masudulhasanmasudbhuiyan/Documents/gitlab/libraries/chalk/source/vendor/ansi-styles/index.js,306
519,ObjectExpression,,-1,-1,78,23,81,4,/Users/masudulhasanmasudbhuiyan/Documents/gitlab/libraries/chalk/source/vendor/ansi-styles/index.js,307
521,Identifier,open,-1,-1,79,4,79,8,/Users/masudulhasanmasudbhuiyan/Documents/gitlab/libraries/chalk/source/vendor/ansi-styles/index.js,308
522,TemplateLiteral,,-1,-1,79,10,79,31,/Users/masudulhasanmasudbhuiyan/Documents/gitlab/libraries/chalk/source/vendor/ansi-styles/index.js,309
523,TemplateElement,,-1,-1,79,10,79,20,/Users/masudulhasanmasudbhuiyan/Documents/gitlab/libraries/chalk/source/vendor/ansi-styles/index.js,310
524,TemplateElement,,-1,-1,79,28,79,31,/Users/masudulhasanmasudbhuiyan/Documents/gitlab/libraries/chalk/source/vendor/ansi-styles/index.js,311
527,Identifier,close,-1,-1,80,4,80,9,/Users/masudulhasanmasudbhuiyan/Documents/gitlab/libraries/chalk/source/vendor/ansi-styles/index.js,312
528,TemplateLiteral,,-1,-1,80,11,80,32,/Users/masudulhasanmasudbhuiyan/Documents/gitlab/libraries/chalk/source/vendor/ansi-styles/index.js,313
529,TemplateElement,,-1,-1,80,11,80,21,/Users/masudulhasanmasudbhuiyan/Documents/gitlab/libraries/chalk/source/vendor/ansi-styles/index.js,314
530,TemplateElement,,-1,-1,80,29,80,32,/Users/masudulhasanmasudbhuiyan/Documents/gitlab/libraries/chalk/source/vendor/ansi-styles/index.js,315
537,CallExpression,set,-1,2,85,3,85,32,/Users/masudulhasanmasudbhuiyan/Documents/gitlab/libraries/chalk/source/vendor/ansi-styles/index.js,316
539,Identifier,set,-1,-1,85,9,85,12,/Users/masudulhasanmasudbhuiyan/Documents/gitlab/libraries/chalk/source/vendor/ansi-styles/index.js,317
543,CallExpression,defineProperty,-1,3,88,2,91,4,/Users/masudulhasanmasudbhuiyan/Documents/gitlab/libraries/chalk/source/vendor/ansi-styles/index.js,318
545,Identifier,defineProperty,-1,-1,88,9,88,23,/Users/masudulhasanmasudbhuiyan/Documents/gitlab/libraries/chalk/source/vendor/ansi-styles/index.js,319
546,ObjectExpression,,-1,-1,88,43,91,3,/Users/masudulhasanmasudbhuiyan/Documents/gitlab/libraries/chalk/source/vendor/ansi-styles/index.js,320
548,Identifier,value,-1,-1,89,3,89,8,/Users/masudulhasanmasudbhuiyan/Documents/gitlab/libraries/chalk/source/vendor/ansi-styles/index.js,321
550,Identifier,enumerable,-1,-1,90,3,90,13,/Users/masudulhasanmasudbhuiyan/Documents/gitlab/libraries/chalk/source/vendor/ansi-styles/index.js,322
552,CallExpression,defineProperty,-1,3,94,1,97,3,/Users/masudulhasanmasudbhuiyan/Documents/gitlab/libraries/chalk/source/vendor/ansi-styles/index.js,323
554,ObjectExpression,,-1,-1,94,40,97,2,/Users/masudulhasanmasudbhuiyan/Documents/gitlab/libraries/chalk/source/vendor/ansi-styles/index.js,324
569,Identifier,ansi,-1,-1,102,14,102,18,/Users/masudulhasanmasudbhuiyan/Documents/gitlab/libraries/chalk/source/vendor/ansi-styles/index.js,325
570,CallExpression,wrapAnsi16,-1,0,102,21,102,33,/Users/masudulhasanmasudbhuiyan/Documents/gitlab/libraries/chalk/source/vendor/ansi-styles/index.js,326
575,Identifier,ansi256,-1,-1,103,14,103,21,/Users/masudulhasanmasudbhuiyan/Documents/gitlab/libraries/chalk/source/vendor/ansi-styles/index.js,327
576,CallExpression,wrapAnsi256,-1,0,103,24,103,37,/Users/masudulhasanmasudbhuiyan/Documents/gitlab/libraries/chalk/source/vendor/ansi-styles/index.js,328
581,Identifier,ansi16m,-1,-1,104,14,104,21,/Users/masudulhasanmasudbhuiyan/Documents/gitlab/libraries/chalk/source/vendor/ansi-styles/index.js,329
582,CallExpression,wrapAnsi16m,-1,0,104,24,104,37,/Users/masudulhasanmasudbhuiyan/Documents/gitlab/libraries/chalk/source/vendor/ansi-styles/index.js,330
587,CallExpression,wrapAnsi16,-1,1,105,23,105,57,/Users/masudulhasanmasudbhuiyan/Documents/gitlab/libraries/chalk/source/vendor/ansi-styles/index.js,331
592,CallExpression,wrapAnsi256,-1,1,106,26,106,61,/Users/masudulhasanmasudbhuiyan/Documents/gitlab/libraries/chalk/source/vendor/ansi-styles/index.js,332
597,CallExpression,wrapAnsi16m,-1,1,107,26,107,61,/Users/masudulhasanmasudbhuiyan/Documents/gitlab/libraries/chalk/source/vendor/ansi-styles/index.js,333
599,CallExpression,defineProperties,-1,2,110,1,216,3,/Users/masudulhasanmasudbhuiyan/Documents/gitlab/libraries/chalk/source/vendor/ansi-styles/index.js,334
601,Identifier,defineProperties,-1,-1,110,8,110,24,/Users/masudulhasanmasudbhuiyan/Documents/gitlab/libraries/chalk/source/vendor/ansi-styles/index.js,335
602,ObjectExpression,,-1,-1,110,33,216,2,/Users/masudulhasanmasudbhuiyan/Documents/gitlab/libraries/chalk/source/vendor/ansi-styles/index.js,336
604,Identifier,rgbToAnsi256,-1,-1,111,2,111,14,/Users/masudulhasanmasudbhuiyan/Documents/gitlab/libraries/chalk/source/vendor/ansi-styles/index.js,337
605,ObjectExpression,,-1,-1,111,16,133,3,/Users/masudulhasanmasudbhuiyan/Documents/gitlab/libraries/chalk/source/vendor/ansi-styles/index.js,338
607,FunctionExpression,,3,-1,112,8,131,4,/Users/masudulhasanmasudbhuiyan/Documents/gitlab/libraries/chalk/source/vendor/ansi-styles/index.js,339
609,IfStatement,,-1,-1,115,4,125,5,/Users/masudulhasanmasudbhuiyan/Documents/gitlab/libraries/chalk/source/vendor/ansi-styles/index.js,340
614,IfStatement,,-1,-1,116,5,118,6,/Users/masudulhasanmasudbhuiyan/Documents/gitlab/libraries/chalk/source/vendor/ansi-styles/index.js,341
617,ReturnStatement,,-1,-1,117,6,117,16,/Users/masudulhasanmasudbhuiyan/Documents/gitlab/libraries/chalk/source/vendor/ansi-styles/index.js,342
618,IfStatement,,-1,-1,120,5,122,6,/Users/masudulhasanmasudbhuiyan/Documents/gitlab/libraries/chalk/source/vendor/ansi-styles/index.js,343
621,ReturnStatement,,-1,-1,121,6,121,17,/Users/masudulhasanmasudbhuiyan/Documents/gitlab/libraries/chalk/source/vendor/ansi-styles/index.js,344
622,ReturnStatement,,-1,-1,124,5,124,53,/Users/masudulhasanmasudbhuiyan/Documents/gitlab/libraries/chalk/source/vendor/ansi-styles/index.js,345
624,CallExpression,round,-1,1,124,12,124,46,/Users/masudulhasanmasudbhuiyan/Documents/gitlab/libraries/chalk/source/vendor/ansi-styles/index.js,346
626,Identifier,Math,-1,-1,124,12,124,16,/Users/masudulhasanmasudbhuiyan/Documents/gitlab/libraries/chalk/source/vendor/ansi-styles/index.js,347
627,Identifier,round,-1,-1,124,17,124,22,/Users/masudulhasanmasudbhuiyan/Documents/gitlab/libraries/chalk/source/vendor/ansi-styles/index.js,348
631,ReturnStatement,,-1,-1,127,4,130,34,/Users/masudulhasanmasudbhuiyan/Documents/gitlab/libraries/chalk/source/vendor/ansi-styles/index.js,349
636,CallExpression,round,-1,1,128,13,128,38,/Users/masudulhasanmasudbhuiyan/Documents/gitlab/libraries/chalk/source/vendor/ansi-styles/index.js,350
641,CallExpression,round,-1,1,129,12,129,39,/Users/masudulhasanmasudbhuiyan/Documents/gitlab/libraries/chalk/source/vendor/ansi-styles/index.js,351
645,CallExpression,round,-1,1,130,7,130,33,/Users/masudulhasanmasudbhuiyan/Documents/gitlab/libraries/chalk/source/vendor/ansi-styles/index.js,352
651,Identifier,hexToRgb,-1,-1,134,2,134,10,/Users/masudulhasanmasudbhuiyan/Documents/gitlab/libraries/chalk/source/vendor/ansi-styles/index.js,353
652,ObjectExpression,,-1,-1,134,12,158,3,/Users/masudulhasanmasudbhuiyan/Documents/gitlab/libraries/chalk/source/vendor/ansi-styles/index.js,354
654,FunctionExpression,,1,-1,135,8,156,4,/Users/masudulhasanmasudbhuiyan/Documents/gitlab/libraries/chalk/source/vendor/ansi-styles/index.js,355
655,Identifier,hex,-1,-1,135,9,135,12,/Users/masudulhasanmasudbhuiyan/Documents/gitlab/libraries/chalk/source/vendor/ansi-styles/index.js,356
657,VariableDeclaration,,-1,-1,136,4,136,68,/Users/masudulhasanmasudbhuiyan/Documents/gitlab/libraries/chalk/source/vendor/ansi-styles/index.js,357
659,Identifier,matches,-1,-1,136,10,136,17,/Users/masudulhasanmasudbhuiyan/Documents/gitlab/libraries/chalk/source/vendor/ansi-styles/index.js,358
660,CallExpression,exec,-1,1,136,20,136,67,/Users/masudulhasanmasudbhuiyan/Documents/gitlab/libraries/chalk/source/vendor/ansi-styles/index.js,359
662,Identifier,exec,-1,-1,136,45,136,49,/Users/masudulhasanmasudbhuiyan/Documents/gitlab/libraries/chalk/source/vendor/ansi-styles/index.js,360
663,CallExpression,toString,-1,1,136,50,136,66,/Users/masudulhasanmasudbhuiyan/Documents/gitlab/libraries/chalk/source/vendor/ansi-styles/index.js,361
665,Identifier,toString,-1,-1,136,54,136,62,/Users/masudulhasanmasudbhuiyan/Documents/gitlab/libraries/chalk/source/vendor/ansi-styles/index.js,362
666,IfStatement,,-1,-1,137,4,139,5,/Users/masudulhasanmasudbhuiyan/Documents/gitlab/libraries/chalk/source/vendor/ansi-styles/index.js,363
667,UnaryExpression,,-1,-1,137,8,137,16,/Users/masudulhasanmasudbhuiyan/Documents/gitlab/libraries/chalk/source/vendor/ansi-styles/index.js,364
669,ReturnStatement,,-1,-1,138,5,138,22,/Users/masudulhasanmasudbhuiyan/Documents/gitlab/libraries/chalk/source/vendor/ansi-styles/index.js,365
670,ArrayExpression,,-1,-1,138,12,138,21,/Users/masudulhasanmasudbhuiyan/Documents/gitlab/libraries/chalk/source/vendor/ansi-styles/index.js,366
671,VariableDeclaration,,-1,-1,141,4,141,32,/Users/masudulhasanmasudbhuiyan/Documents/gitlab/libraries/chalk/source/vendor/ansi-styles/index.js,367
673,ArrayPattern,,-1,-1,141,8,141,21,/Users/masudulhasanmasudbhuiyan/Documents/gitlab/libraries/chalk/source/vendor/ansi-styles/index.js,368
674,Identifier,colorString,-1,-1,141,9,141,20,/Users/masudulhasanmasudbhuiyan/Documents/gitlab/libraries/chalk/source/vendor/ansi-styles/index.js,369
675,IfStatement,,-1,-1,143,4,145,5,/Users/masudulhasanmasudbhuiyan/Documents/gitlab/libraries/chalk/source/vendor/ansi-styles/index.js,370
678,Identifier,length,-1,-1,143,20,143,26,/Users/masudulhasanmasudbhuiyan/Documents/gitlab/libraries/chalk/source/vendor/ansi-styles/index.js,371
682,CallExpression,join,-1,1,144,19,144,84,/Users/masudulhasanmasudbhuiyan/Documents/gitlab/libraries/chalk/source/vendor/ansi-styles/index.js,372
684,CallExpression,map,-1,1,144,19,144,75,/Users/masudulhasanmasudbhuiyan/Documents/gitlab/libraries/chalk/source/vendor/ansi-styles/index.js,373
686,ArrayExpression,,-1,-1,144,19,144,35,/Users/masudulhasanmasudbhuiyan/Documents/gitlab/libraries/chalk/source/vendor/ansi-styles/index.js,374
687,SpreadElement,,-1,-1,144,20,144,34,/Users/masudulhasanmasudbhuiyan/Documents/gitlab/libraries/chalk/source/vendor/ansi-styles/index.js,375
688,Identifier,map,-1,-1,144,36,144,39,/Users/masudulhasanmasudbhuiyan/Documents/gitlab/libraries/chalk/source/vendor/ansi-styles/index.js,376
689,ArrowFunctionExpression,,1,-1,144,40,144,74,/Users/masudulhasanmasudbhuiyan/Documents/gitlab/libraries/chalk/source/vendor/ansi-styles/index.js,377
690,Identifier,character,-1,-1,144,40,144,49,/Users/masudulhasanmasudbhuiyan/Documents/gitlab/libraries/chalk/source/vendor/ansi-styles/index.js,378
692,Identifier,join,-1,-1,144,76,144,80,/Users/masudulhasanmasudbhuiyan/Documents/gitlab/libraries/chalk/source/vendor/ansi-styles/index.js,379
693,VariableDeclaration,,-1,-1,147,4,147,53,/Users/masudulhasanmasudbhuiyan/Documents/gitlab/libraries/chalk/source/vendor/ansi-styles/index.js,380
695,Identifier,integer,-1,-1,147,10,147,17,/Users/masudulhasanmasudbhuiyan/Documents/gitlab/libraries/chalk/source/vendor/ansi-styles/index.js,381
696,CallExpression,parseInt,-1,2,147,20,147,52,/Users/masudulhasanmasudbhuiyan/Documents/gitlab/libraries/chalk/source/vendor/ansi-styles/index.js,382
698,Identifier,Number,-1,-1,147,20,147,26,/Users/masudulhasanmasudbhuiyan/Documents/gitlab/libraries/chalk/source/vendor/ansi-styles/index.js,383
699,Identifier,parseInt,-1,-1,147,27,147,35,/Users/masudulhasanmasudbhuiyan/Documents/gitlab/libraries/chalk/source/vendor/ansi-styles/index.js,384
700,ReturnStatement,,-1,-1,149,4,155,6,/Users/masudulhasanmasudbhuiyan/Documents/gitlab/libraries/chalk/source/vendor/ansi-styles/index.js,385
701,ArrayExpression,,-1,-1,149,11,155,5,/Users/masudulhasanmasudbhuiyan/Documents/gitlab/libraries/chalk/source/vendor/ansi-styles/index.js,386
709,Identifier,hexToAnsi256,-1,-1,159,2,159,14,/Users/masudulhasanmasudbhuiyan/Documents/gitlab/libraries/chalk/source/vendor/ansi-styles/index.js,387
710,ObjectExpression,,-1,-1,159,16,162,3,/Users/masudulhasanmasudbhuiyan/Documents/gitlab/libraries/chalk/source/vendor/ansi-styles/index.js,388
712,ArrowFunctionExpression,,1,-1,160,10,160,61,/Users/masudulhasanmasudbhuiyan/Documents/gitlab/libraries/chalk/source/vendor/ansi-styles/index.js,389
713,CallExpression,rgbToAnsi256,-1,1,160,17,160,61,/Users/masudulhasanmasudbhuiyan/Documents/gitlab/libraries/chalk/source/vendor/ansi-styles/index.js,390
715,SpreadElement,,-1,-1,160,37,160,60,/Users/masudulhasanmasudbhuiyan/Documents/gitlab/libraries/chalk/source/vendor/ansi-styles/index.js,391
716,CallExpression,hexToRgb,-1,1,160,40,160,60,/Users/masudulhasanmasudbhuiyan/Documents/gitlab/libraries/chalk/source/vendor/ansi-styles/index.js,392
720,Identifier,ansi256ToAnsi,-1,-1,163,2,163,15,/Users/masudulhasanmasudbhuiyan/Documents/gitlab/libraries/chalk/source/vendor/ansi-styles/index.js,393
721,ObjectExpression,,-1,-1,163,17,207,3,/Users/masudulhasanmasudbhuiyan/Documents/gitlab/libraries/chalk/source/vendor/ansi-styles/index.js,394
723,FunctionExpression,,1,-1,164,8,205,4,/Users/masudulhasanmasudbhuiyan/Documents/gitlab/libraries/chalk/source/vendor/ansi-styles/index.js,395
725,IfStatement,,-1,-1,165,4,167,5,/Users/masudulhasanmasudbhuiyan/Documents/gitlab/libraries/chalk/source/vendor/ansi-styles/index.js,396
728,ReturnStatement,,-1,-1,166,5,166,22,/Users/masudulhasanmasudbhuiyan/Documents/gitlab/libraries/chalk/source/vendor/ansi-styles/index.js,397
730,IfStatement,,-1,-1,169,4,171,5,/Users/masudulhasanmasudbhuiyan/Documents/gitlab/libraries/chalk/source/vendor/ansi-styles/index.js,398
733,ReturnStatement,,-1,-1,170,5,170,28,/Users/masudulhasanmasudbhuiyan/Documents/gitlab/libraries/chalk/source/vendor/ansi-styles/index.js,399
736,VariableDeclaration,,-1,-1,173,4,173,12,/Users/masudulhasanmasudbhuiyan/Documents/gitlab/libraries/chalk/source/vendor/ansi-styles/index.js,400
738,VariableDeclaration,,-1,-1,174,4,174,14,/Users/masudulhasanmasudbhuiyan/Documents/gitlab/libraries/chalk/source/vendor/ansi-styles/index.js,401
740,VariableDeclaration,,-1,-1,175,4,175,13,/Users/masudulhasanmasudbhuiyan/Documents/gitlab/libraries/chalk/source/vendor/ansi-styles/index.js,402
742,IfStatement,,-1,-1,177,4,189,5,/Users/masudulhasanmasudbhuiyan/Documents/gitlab/libraries/chalk/source/vendor/ansi-styles/index.js,403
758,VariableDeclaration,,-1,-1,184,5,184,33,/Users/masudulhasanmasudbhuiyan/Documents/gitlab/libraries/chalk/source/vendor/ansi-styles/index.js,404
760,Identifier,remainder,-1,-1,184,11,184,20,/Users/masudulhasanmasudbhuiyan/Documents/gitlab/libraries/chalk/source/vendor/ansi-styles/index.js,405
765,CallExpression,floor,-1,1,186,11,186,32,/Users/masudulhasanmasudbhuiyan/Documents/gitlab/libraries/chalk/source/vendor/ansi-styles/index.js,406
767,Identifier,floor,-1,-1,186,16,186,21,/Users/masudulhasanmasudbhuiyan/Documents/gitlab/libraries/chalk/source/vendor/ansi-styles/index.js,407
772,CallExpression,floor,-1,1,187,13,187,38,/Users/masudulhasanmasudbhuiyan/Documents/gitlab/libraries/chalk/source/vendor/ansi-styles/index.js,408
779,VariableDeclaration,,-1,-1,191,4,191,49,/Users/masudulhasanmasudbhuiyan/Documents/gitlab/libraries/chalk/source/vendor/ansi-styles/index.js,409
782,CallExpression,max,-1,3,191,18,191,44,/Users/masudulhasanmasudbhuiyan/Documents/gitlab/libraries/chalk/source/vendor/ansi-styles/index.js,410
784,Identifier,max,-1,-1,191,23,191,26,/Users/masudulhasanmasudbhuiyan/Documents/gitlab/libraries/chalk/source/vendor/ansi-styles/index.js,411
785,IfStatement,,-1,-1,193,4,195,5,/Users/masudulhasanmasudbhuiyan/Documents/gitlab/libraries/chalk/source/vendor/ansi-styles/index.js,412
788,ReturnStatement,,-1,-1,194,5,194,15,/Users/masudulhasanmasudbhuiyan/Documents/gitlab/libraries/chalk/source/vendor/ansi-styles/index.js,413
789,VariableDeclaration,,-1,-1,198,4,198,93,/Users/masudulhasanmasudbhuiyan/Documents/gitlab/libraries/chalk/source/vendor/ansi-styles/index.js,414
791,Identifier,result,-1,-1,198,8,198,14,/Users/masudulhasanmasudbhuiyan/Documents/gitlab/libraries/chalk/source/vendor/ansi-styles/index.js,415
796,CallExpression,round,-1,1,198,24,198,40,/Users/masudulhasanmasudbhuiyan/Documents/gitlab/libraries/chalk/source/vendor/ansi-styles/index.js,416
799,CallExpression,round,-1,1,198,50,198,67,/Users/masudulhasanmasudbhuiyan/Documents/gitlab/libraries/chalk/source/vendor/ansi-styles/index.js,417
801,CallExpression,round,-1,1,198,76,198,91,/Users/masudulhasanmasudbhuiyan/Documents/gitlab/libraries/chalk/source/vendor/ansi-styles/index.js,418
803,IfStatement,,-1,-1,200,4,202,5,/Users/masudulhasanmasudbhuiyan/Documents/gitlab/libraries/chalk/source/vendor/ansi-styles/index.js,419
808,ReturnStatement,,-1,-1,204,4,204,18,/Users/masudulhasanmasudbhuiyan/Documents/gitlab/libraries/chalk/source/vendor/ansi-styles/index.js,420
811,Identifier,rgbToAnsi,-1,-1,208,2,208,11,/Users/masudulhasanmasudbhuiyan/Documents/gitlab/libraries/chalk/source/vendor/ansi-styles/index.js,421
812,ObjectExpression,,-1,-1,208,13,211,3,/Users/masudulhasanmasudbhuiyan/Documents/gitlab/libraries/chalk/source/vendor/ansi-styles/index.js,422
814,ArrowFunctionExpression,,3,-1,209,10,209,91,/Users/masudulhasanmasudbhuiyan/Documents/gitlab/libraries/chalk/source/vendor/ansi-styles/index.js,423
815,CallExpression,ansi256ToAnsi,-1,1,209,32,209,91,/Users/masudulhasanmasudbhuiyan/Documents/gitlab/libraries/chalk/source/vendor/ansi-styles/index.js,424
817,CallExpression,rgbToAnsi256,-1,3,209,53,209,90,/Users/masudulhasanmasudbhuiyan/Documents/gitlab/libraries/chalk/source/vendor/ansi-styles/index.js,425
821,Identifier,hexToAnsi,-1,-1,212,2,212,11,/Users/masudulhasanmasudbhuiyan/Documents/gitlab/libraries/chalk/source/vendor/ansi-styles/index.js,426
822,ObjectExpression,,-1,-1,212,13,215,3,/Users/masudulhasanmasudbhuiyan/Documents/gitlab/libraries/chalk/source/vendor/ansi-styles/index.js,427
824,ArrowFunctionExpression,,1,-1,213,10,213,63,/Users/masudulhasanmasudbhuiyan/Documents/gitlab/libraries/chalk/source/vendor/ansi-styles/index.js,428
825,CallExpression,ansi256ToAnsi,-1,1,213,17,213,63,/Users/masudulhasanmasudbhuiyan/Documents/gitlab/libraries/chalk/source/vendor/ansi-styles/index.js,429
827,CallExpression,hexToAnsi256,-1,1,213,38,213,62,/Users/masudulhasanmasudbhuiyan/Documents/gitlab/libraries/chalk/source/vendor/ansi-styles/index.js,430
830,ReturnStatement,,-1,-1,218,1,218,15,/Users/masudulhasanmasudbhuiyan/Documents/gitlab/libraries/chalk/source/vendor/ansi-styles/index.js,431
831,VariableDeclaration,,-1,-1,221,0,221,36,/Users/masudulhasanmasudbhuiyan/Documents/gitlab/libraries/chalk/source/vendor/ansi-styles/index.js,432
833,Identifier,ansiStyles,-1,-1,221,6,221,16,/Users/masudulhasanmasudbhuiyan/Documents/gitlab/libraries/chalk/source/vendor/ansi-styles/index.js,433
834,CallExpression,assembleStyles,-1,0,221,19,221,35,/Users/masudulhasanmasudbhuiyan/Documents/gitlab/libraries/chalk/source/vendor/ansi-styles/index.js,434
835,ExportDefaultDeclaration,,-1,-1,223,0,223,26,/Users/masudulhasanmasudbhuiyan/Documents/gitlab/libraries/chalk/source/vendor/ansi-styles/index.js,435
836,Program,,-1,-1,3,0,30,29,/Users/masudulhasanmasudbhuiyan/Documents/gitlab/libraries/chalk/source/vendor/supports-color/browser.js,436
837,VariableDeclaration,,-1,-1,3,0,16,5,/Users/masudulhasanmasudbhuiyan/Documents/gitlab/libraries/chalk/source/vendor/supports-color/browser.js,437
839,Identifier,level,-1,-1,3,6,3,11,/Users/masudulhasanmasudbhuiyan/Documents/gitlab/libraries/chalk/source/vendor/supports-color/browser.js,438
840,CallExpression,,-1,0,3,14,16,4,/Users/masudulhasanmasudbhuiyan/Documents/gitlab/libraries/chalk/source/vendor/supports-color/browser.js,439
841,ArrowFunctionExpression,,0,-1,3,15,16,1,/Users/masudulhasanmasudbhuiyan/Documents/gitlab/libraries/chalk/source/vendor/supports-color/browser.js,440
843,IfStatement,,-1,-1,4,1,9,2,/Users/masudulhasanmasudbhuiyan/Documents/gitlab/libraries/chalk/source/vendor/supports-color/browser.js,441
845,Identifier,navigator,-1,-1,4,5,4,14,/Users/masudulhasanmasudbhuiyan/Documents/gitlab/libraries/chalk/source/vendor/supports-color/browser.js,442
846,Identifier,userAgentData,-1,-1,4,15,4,28,/Users/masudulhasanmasudbhuiyan/Documents/gitlab/libraries/chalk/source/vendor/supports-color/browser.js,443
848,VariableDeclaration,,-1,-1,5,2,5,87,/Users/masudulhasanmasudbhuiyan/Documents/gitlab/libraries/chalk/source/vendor/supports-color/browser.js,444
850,Identifier,brand,-1,-1,5,8,5,13,/Users/masudulhasanmasudbhuiyan/Documents/gitlab/libraries/chalk/source/vendor/supports-color/browser.js,445
851,CallExpression,find,-1,1,5,16,5,86,/Users/masudulhasanmasudbhuiyan/Documents/gitlab/libraries/chalk/source/vendor/supports-color/browser.js,446
855,Identifier,brands,-1,-1,5,40,5,46,/Users/masudulhasanmasudbhuiyan/Documents/gitlab/libraries/chalk/source/vendor/supports-color/browser.js,447
856,Identifier,find,-1,-1,5,47,5,51,/Users/masudulhasanmasudbhuiyan/Documents/gitlab/libraries/chalk/source/vendor/supports-color/browser.js,448
857,ArrowFunctionExpression,,1,-1,5,52,5,85,/Users/masudulhasanmasudbhuiyan/Documents/gitlab/libraries/chalk/source/vendor/supports-color/browser.js,449
858,ObjectPattern,,-1,-1,5,53,5,60,/Users/masudulhasanmasudbhuiyan/Documents/gitlab/libraries/chalk/source/vendor/supports-color/browser.js,450
861,IfStatement,,-1,-1,6,2,8,3,/Users/masudulhasanmasudbhuiyan/Documents/gitlab/libraries/chalk/source/vendor/supports-color/browser.js,451
865,Identifier,version,-1,-1,6,21,6,28,/Users/masudulhasanmasudbhuiyan/Documents/gitlab/libraries/chalk/source/vendor/supports-color/browser.js,452
867,ReturnStatement,,-1,-1,7,3,7,12,/Users/masudulhasanmasudbhuiyan/Documents/gitlab/libraries/chalk/source/vendor/supports-color/browser.js,453
868,IfStatement,,-1,-1,11,1,13,2,/Users/masudulhasanmasudbhuiyan/Documents/gitlab/libraries/chalk/source/vendor/supports-color/browser.js,454
869,CallExpression,test,-1,1,11,5,11,54,/Users/masudulhasanmasudbhuiyan/Documents/gitlab/libraries/chalk/source/vendor/supports-color/browser.js,455
871,Identifier,test,-1,-1,11,29,11,33,/Users/masudulhasanmasudbhuiyan/Documents/gitlab/libraries/chalk/source/vendor/supports-color/browser.js,456
873,Identifier,userAgent,-1,-1,11,44,11,53,/Users/masudulhasanmasudbhuiyan/Documents/gitlab/libraries/chalk/source/vendor/supports-color/browser.js,457
875,ReturnStatement,,-1,-1,12,2,12,11,/Users/masudulhasanmasudbhuiyan/Documents/gitlab/libraries/chalk/source/vendor/supports-color/browser.js,458
876,ReturnStatement,,-1,-1,15,1,15,10,/Users/masudulhasanmasudbhuiyan/Documents/gitlab/libraries/chalk/source/vendor/supports-color/browser.js,459
877,VariableDeclaration,,-1,-1,18,0,23,2,/Users/masudulhasanmasudbhuiyan/Documents/gitlab/libraries/chalk/source/vendor/supports-color/browser.js,460
879,Identifier,colorSupport,-1,-1,18,6,18,18,/Users/masudulhasanmasudbhuiyan/Documents/gitlab/libraries/chalk/source/vendor/supports-color/browser.js,461
882,ObjectExpression,,-1,-1,18,36,23,1,/Users/masudulhasanmasudbhuiyan/Documents/gitlab/libraries/chalk/source/vendor/supports-color/browser.js,462
885,Identifier,hasBasic,-1,-1,20,1,20,9,/Users/masudulhasanmasudbhuiyan/Documents/gitlab/libraries/chalk/source/vendor/supports-color/browser.js,463
887,Identifier,has256,-1,-1,21,1,21,7,/Users/masudulhasanmasudbhuiyan/Documents/gitlab/libraries/chalk/source/vendor/supports-color/browser.js,464
890,Identifier,has16m,-1,-1,22,1,22,7,/Users/masudulhasanmasudbhuiyan/Documents/gitlab/libraries/chalk/source/vendor/supports-color/browser.js,465
892,VariableDeclaration,,-1,-1,25,0,28,2,/Users/masudulhasanmasudbhuiyan/Documents/gitlab/libraries/chalk/source/vendor/supports-color/browser.js,466
894,Identifier,supportsColor,-1,-1,25,6,25,19,/Users/masudulhasanmasudbhuiyan/Documents/gitlab/libraries/chalk/source/vendor/supports-color/browser.js,467
895,ObjectExpression,,-1,-1,25,22,28,1,/Users/masudulhasanmasudbhuiyan/Documents/gitlab/libraries/chalk/source/vendor/supports-color/browser.js,468
897,Identifier,stdout,-1,-1,26,1,26,7,/Users/masudulhasanmasudbhuiyan/Documents/gitlab/libraries/chalk/source/vendor/supports-color/browser.js,469
899,Identifier,stderr,-1,-1,27,1,27,7,/Users/masudulhasanmasudbhuiyan/Documents/gitlab/libraries/chalk/source/vendor/supports-color/browser.js,470
900,ExportDefaultDeclaration,,-1,-1,30,0,30,29,/Users/masudulhasanmasudbhuiyan/Documents/gitlab/libraries/chalk/source/vendor/supports-color/browser.js,471
901,Program,,-1,-1,1,0,3,91,/Users/masudulhasanmasudbhuiyan/Documents/gitlab/libraries/chalk/test/_fixture.js,472
902,ImportDeclaration,,-1,-1,1,0,1,54,/Users/masudulhasanmasudbhuiyan/Documents/gitlab/libraries/chalk/test/_fixture.js,473
903,ImportDefaultSpecifier,,-1,-1,1,7,1,12,/Users/masudulhasanmasudbhuiyan/Documents/gitlab/libraries/chalk/test/_fixture.js,474
904,Identifier,chalk,-1,-1,1,7,1,12,/Users/masudulhasanmasudbhuiyan/Documents/gitlab/libraries/chalk/test/_fixture.js,475
905,ImportSpecifier,,-1,-1,1,15,1,26,/Users/masudulhasanmasudbhuiyan/Documents/gitlab/libraries/chalk/test/_fixture.js,476
906,Identifier,chalkStderr,-1,-1,1,15,1,26,/Users/masudulhasanmasudbhuiyan/Documents/gitlab/libraries/chalk/test/_fixture.js,477
908,CallExpression,log,-1,1,3,0,3,90,/Users/masudulhasanmasudbhuiyan/Documents/gitlab/libraries/chalk/test/_fixture.js,478
910,Identifier,console,-1,-1,3,0,3,7,/Users/masudulhasanmasudbhuiyan/Documents/gitlab/libraries/chalk/test/_fixture.js,479
911,Identifier,log,-1,-1,3,8,3,11,/Users/masudulhasanmasudbhuiyan/Documents/gitlab/libraries/chalk/test/_fixture.js,480
912,TemplateLiteral,,-1,-1,3,12,3,89,/Users/masudulhasanmasudbhuiyan/Documents/gitlab/libraries/chalk/test/_fixture.js,481
913,TemplateElement,,-1,-1,3,12,3,15,/Users/masudulhasanmasudbhuiyan/Documents/gitlab/libraries/chalk/test/_fixture.js,482
914,TemplateElement,,-1,-1,3,46,3,50,/Users/masudulhasanmasudbhuiyan/Documents/gitlab/libraries/chalk/test/_fixture.js,483
915,TemplateElement,,-1,-1,3,87,3,89,/Users/masudulhasanmasudbhuiyan/Documents/gitlab/libraries/chalk/test/_fixture.js,484
916,CallExpression,,-1,1,3,15,3,46,/Users/masudulhasanmasudbhuiyan/Documents/gitlab/libraries/chalk/test/_fixture.js,485
917,CallExpression,hex,-1,1,3,15,3,35,/Users/masudulhasanmasudbhuiyan/Documents/gitlab/libraries/chalk/test/_fixture.js,486
919,Identifier,hex,-1,-1,3,21,3,24,/Users/masudulhasanmasudbhuiyan/Documents/gitlab/libraries/chalk/test/_fixture.js,487
920,CallExpression,,-1,1,3,50,3,87,/Users/masudulhasanmasudbhuiyan/Documents/gitlab/libraries/chalk/test/_fixture.js,488
921,CallExpression,hex,-1,1,3,50,3,76,/Users/masudulhasanmasudbhuiyan/Documents/gitlab/libraries/chalk/test/_fixture.js,489
923,Program,,-1,-1,1,0,24,3,/Users/masudulhasanmasudbhuiyan/Documents/gitlab/libraries/chalk/test/instance.js,490
924,ImportDeclaration,,-1,-1,1,0,1,23,/Users/masudulhasanmasudbhuiyan/Documents/gitlab/libraries/chalk/test/instance.js,491
925,ImportDefaultSpecifier,,-1,-1,1,7,1,11,/Users/masudulhasanmasudbhuiyan/Documents/gitlab/libraries/chalk/test/instance.js,492
926,Identifier,test,-1,-1,1,7,1,11,/Users/masudulhasanmasudbhuiyan/Documents/gitlab/libraries/chalk/test/instance.js,493
927,ImportDeclaration,,-1,-1,2,0,2,48,/Users/masudulhasanmasudbhuiyan/Documents/gitlab/libraries/chalk/test/instance.js,494
928,ImportDefaultSpecifier,,-1,-1,2,7,2,12,/Users/masudulhasanmasudbhuiyan/Documents/gitlab/libraries/chalk/test/instance.js,495
929,Identifier,chalk,-1,-1,2,7,2,12,/Users/masudulhasanmasudbhuiyan/Documents/gitlab/libraries/chalk/test/instance.js,496
930,ImportSpecifier,,-1,-1,2,15,2,20,/Users/masudulhasanmasudbhuiyan/Documents/gitlab/libraries/chalk/test/instance.js,497
931,Identifier,Chalk,-1,-1,2,15,2,20,/Users/masudulhasanmasudbhuiyan/Documents/gitlab/libraries/chalk/test/instance.js,498
935,Identifier,level,-1,-1,4,6,4,11,/Users/masudulhasanmasudbhuiyan/Documents/gitlab/libraries/chalk/test/instance.js,499
937,CallExpression,test,-1,2,6,0,12,2,/Users/masudulhasanmasudbhuiyan/Documents/gitlab/libraries/chalk/test/instance.js,500
938,ArrowFunctionExpression,,1,-1,6,75,12,1,/Users/masudulhasanmasudbhuiyan/Documents/gitlab/libraries/chalk/test/instance.js,501
939,Identifier,t,-1,-1,6,75,6,76,/Users/masudulhasanmasudbhuiyan/Documents/gitlab/libraries/chalk/test/instance.js,502
941,VariableDeclaration,,-1,-1,7,1,7,40,/Users/masudulhasanmasudbhuiyan/Documents/gitlab/libraries/chalk/test/instance.js,503
943,Identifier,instance,-1,-1,7,7,7,15,/Users/masudulhasanmasudbhuiyan/Documents/gitlab/libraries/chalk/test/instance.js,504
944,NewExpression,Chalk,-1,1,7,18,7,39,/Users/masudulhasanmasudbhuiyan/Documents/gitlab/libraries/chalk/test/instance.js,505
945,ObjectExpression,,-1,-1,7,28,7,38,/Users/masudulhasanmasudbhuiyan/Documents/gitlab/libraries/chalk/test/instance.js,506
948,CallExpression,is,-1,2,8,1,8,33,/Users/masudulhasanmasudbhuiyan/Documents/gitlab/libraries/chalk/test/instance.js,507
950,Identifier,is,-1,-1,8,3,8,5,/Users/masudulhasanmasudbhuiyan/Documents/gitlab/libraries/chalk/test/instance.js,508
951,CallExpression,red,-1,1,8,6,8,25,/Users/masudulhasanmasudbhuiyan/Documents/gitlab/libraries/chalk/test/instance.js,509
953,Identifier,red,-1,-1,8,15,8,18,/Users/masudulhasanmasudbhuiyan/Documents/gitlab/libraries/chalk/test/instance.js,510
955,CallExpression,is,-1,2,9,1,9,50,/Users/masudulhasanmasudbhuiyan/Documents/gitlab/libraries/chalk/test/instance.js,511
957,CallExpression,red,-1,1,9,6,9,22,/Users/masudulhasanmasudbhuiyan/Documents/gitlab/libraries/chalk/test/instance.js,512
963,CallExpression,is,-1,2,11,1,11,53,/Users/masudulhasanmasudbhuiyan/Documents/gitlab/libraries/chalk/test/instance.js,513
965,CallExpression,red,-1,1,11,6,11,25,/Users/masudulhasanmasudbhuiyan/Documents/gitlab/libraries/chalk/test/instance.js,514
968,CallExpression,test,-1,2,14,0,24,2,/Users/masudulhasanmasudbhuiyan/Documents/gitlab/libraries/chalk/test/instance.js,515
969,ArrowFunctionExpression,,1,-1,14,58,24,1,/Users/masudulhasanmasudbhuiyan/Documents/gitlab/libraries/chalk/test/instance.js,516
972,CallExpression,throws,-1,2,16,1,18,50,/Users/masudulhasanmasudbhuiyan/Documents/gitlab/libraries/chalk/test/instance.js,517
974,Identifier,throws,-1,-1,16,3,16,9,/Users/masudulhasanmasudbhuiyan/Documents/gitlab/libraries/chalk/test/instance.js,518
975,ArrowFunctionExpression,,0,-1,16,10,18,2,/Users/masudulhasanmasudbhuiyan/Documents/gitlab/libraries/chalk/test/instance.js,519
978,NewExpression,Chalk,-1,1,17,2,17,24,/Users/masudulhasanmasudbhuiyan/Documents/gitlab/libraries/chalk/test/instance.js,520
979,ObjectExpression,,-1,-1,17,12,17,23,/Users/masudulhasanmasudbhuiyan/Documents/gitlab/libraries/chalk/test/instance.js,521
981,ObjectExpression,,-1,-1,18,4,18,49,/Users/masudulhasanmasudbhuiyan/Documents/gitlab/libraries/chalk/test/instance.js,522
983,Identifier,message,-1,-1,18,5,18,12,/Users/masudulhasanmasudbhuiyan/Documents/gitlab/libraries/chalk/test/instance.js,523
985,CallExpression,throws,-1,2,20,1,22,50,/Users/masudulhasanmasudbhuiyan/Documents/gitlab/libraries/chalk/test/instance.js,524
987,ArrowFunctionExpression,,0,-1,20,10,22,2,/Users/masudulhasanmasudbhuiyan/Documents/gitlab/libraries/chalk/test/instance.js,525
990,NewExpression,Chalk,-1,1,21,2,21,24,/Users/masudulhasanmasudbhuiyan/Documents/gitlab/libraries/chalk/test/instance.js,526
991,ObjectExpression,,-1,-1,21,12,21,23,/Users/masudulhasanmasudbhuiyan/Documents/gitlab/libraries/chalk/test/instance.js,527
993,UnaryExpression,,-1,-1,21,20,21,22,/Users/masudulhasanmasudbhuiyan/Documents/gitlab/libraries/chalk/test/instance.js,528
994,ObjectExpression,,-1,-1,22,4,22,49,/Users/masudulhasanmasudbhuiyan/Documents/gitlab/libraries/chalk/test/instance.js,529
996,Program,,-1,-1,1,0,24,3,/Users/masudulhasanmasudbhuiyan/Documents/gitlab/libraries/chalk/test/no-color-support.js,530
997,ImportDeclaration,,-1,-1,1,0,1,23,/Users/masudulhasanmasudbhuiyan/Documents/gitlab/libraries/chalk/test/no-color-support.js,531
998,ImportDefaultSpecifier,,-1,-1,1,7,1,11,/Users/masudulhasanmasudbhuiyan/Documents/gitlab/libraries/chalk/test/no-color-support.js,532
999,Identifier,test,-1,-1,1,7,1,11,/Users/masudulhasanmasudbhuiyan/Documents/gitlab/libraries/chalk/test/no-color-support.js,533
1000,ImportDeclaration,,-1,-1,2,0,2,39,/Users/masudulhasanmasudbhuiyan/Documents/gitlab/libraries/chalk/test/no-color-support.js,534
1001,ImportDefaultSpecifier,,-1,-1,2,7,2,12,/Users/masudulhasanmasudbhuiyan/Documents/gitlab/libraries/chalk/test/no-color-support.js,535
1002,Identifier,chalk,-1,-1,2,7,2,12,/Users/masudulhasanmasudbhuiyan/Documents/gitlab/libraries/chalk/test/no-color-support.js,536
1004,CallExpression,test,-1,2,21,0,24,2,/Users/masudulhasanmasudbhuiyan/Documents/gitlab/libraries/chalk/test/no-color-support.js,537
1005,ArrowFunctionExpression,,1,-1,21,50,24,1,/Users/masudulhasanmasudbhuiyan/Documents/gitlab/libraries/chalk/test/no-color-support.js,538
1006,Identifier,t,-1,-1,21,50,21,51,/Users/masudulhasanmasudbhuiyan/Documents/gitlab/libraries/chalk/test/no-color-support.js,539
1011,Identifier,level,-1,-1,22,7,22,12,/Users/masudulhasanmasudbhuiyan/Documents/gitlab/libraries/chalk/test/no-color-support.js,540
1013,CallExpression,is,-1,2,23,1,23,56,/Users/masudulhasanmasudbhuiyan/Documents/gitlab/libraries/chalk/test/no-color-support.js,541
1015,Identifier,is,-1,-1,23,3,23,5,/Users/masudulhasanmasudbhuiyan/Documents/gitlab/libraries/chalk/test/no-color-support.js,542
1016,CallExpression,green,-1,1,23,6,23,26,/Users/masudulhasanmasudbhuiyan/Documents/gitlab/libraries/chalk/test/no-color-support.js,543
1018,Identifier,green,-1,-1,23,12,23,17,/Users/masudulhasanmasudbhuiyan/Documents/gitlab/libraries/chalk/test/no-color-support.js,544
1019,Program,,-1,-1,1,0,39,3,/Users/masudulhasanmasudbhuiyan/Documents/gitlab/libraries/chalk/test/visible.js,545
1020,ImportDeclaration,,-1,-1,1,0,1,23,/Users/masudulhasanmasudbhuiyan/Documents/gitlab/libraries/chalk/test/visible.js,546
1021,ImportDefaultSpecifier,,-1,-1,1,7,1,11,/Users/masudulhasanmasudbhuiyan/Documents/gitlab/libraries/chalk/test/visible.js,547
1022,Identifier,test,-1,-1,1,7,1,11,/Users/masudulhasanmasudbhuiyan/Documents/gitlab/libraries/chalk/test/visible.js,548
1023,ImportDeclaration,,-1,-1,2,0,2,48,/Users/masudulhasanmasudbhuiyan/Documents/gitlab/libraries/chalk/test/visible.js,549
1024,ImportDefaultSpecifier,,-1,-1,2,7,2,12,/Users/masudulhasanmasudbhuiyan/Documents/gitlab/libraries/chalk/test/visible.js,550
1025,Identifier,chalk,-1,-1,2,7,2,12,/Users/masudulhasanmasudbhuiyan/Documents/gitlab/libraries/chalk/test/visible.js,551
1026,ImportSpecifier,,-1,-1,2,15,2,20,/Users/masudulhasanmasudbhuiyan/Documents/gitlab/libraries/chalk/test/visible.js,552
1027,Identifier,Chalk,-1,-1,2,15,2,20,/Users/masudulhasanmasudbhuiyan/Documents/gitlab/libraries/chalk/test/visible.js,553
1031,Identifier,level,-1,-1,4,6,4,11,/Users/masudulhasanmasudbhuiyan/Documents/gitlab/libraries/chalk/test/visible.js,554
1033,CallExpression,test,-1,2,6,0,10,2,/Users/masudulhasanmasudbhuiyan/Documents/gitlab/libraries/chalk/test/visible.js,555
1034,ArrowFunctionExpression,,1,-1,6,46,10,1,/Users/masudulhasanmasudbhuiyan/Documents/gitlab/libraries/chalk/test/visible.js,556
1035,Identifier,t,-1,-1,6,46,6,47,/Users/masudulhasanmasudbhuiyan/Documents/gitlab/libraries/chalk/test/visible.js,557
1037,VariableDeclaration,,-1,-1,7,1,7,40,/Users/masudulhasanmasudbhuiyan/Documents/gitlab/libraries/chalk/test/visible.js,558
1039,Identifier,instance,-1,-1,7,7,7,15,/Users/masudulhasanmasudbhuiyan/Documents/gitlab/libraries/chalk/test/visible.js,559
1040,NewExpression,Chalk,-1,1,7,18,7,39,/Users/masudulhasanmasudbhuiyan/Documents/gitlab/libraries/chalk/test/visible.js,560
1041,ObjectExpression,,-1,-1,7,28,7,38,/Users/masudulhasanmasudbhuiyan/Documents/gitlab/libraries/chalk/test/visible.js,561
1044,CallExpression,is,-1,2,8,1,8,61,/Users/masudulhasanmasudbhuiyan/Documents/gitlab/libraries/chalk/test/visible.js,562
1046,Identifier,is,-1,-1,8,3,8,5,/Users/masudulhasanmasudbhuiyan/Documents/gitlab/libraries/chalk/test/visible.js,563
1047,CallExpression,red,-1,1,8,6,8,33,/Users/masudulhasanmasudbhuiyan/Documents/gitlab/libraries/chalk/test/visible.js,564
1050,Identifier,visible,-1,-1,8,15,8,22,/Users/masudulhasanmasudbhuiyan/Documents/gitlab/libraries/chalk/test/visible.js,565
1051,Identifier,red,-1,-1,8,23,8,26,/Users/masudulhasanmasudbhuiyan/Documents/gitlab/libraries/chalk/test/visible.js,566
1053,CallExpression,is,-1,2,9,1,9,61,/Users/masudulhasanmasudbhuiyan/Documents/gitlab/libraries/chalk/test/visible.js,567
1055,CallExpression,visible,-1,1,9,6,9,33,/Users/masudulhasanmasudbhuiyan/Documents/gitlab/libraries/chalk/test/visible.js,568
1059,CallExpression,test,-1,2,12,0,16,2,/Users/masudulhasanmasudbhuiyan/Documents/gitlab/libraries/chalk/test/visible.js,569
1060,ArrowFunctionExpression,,1,-1,12,49,16,1,/Users/masudulhasanmasudbhuiyan/Documents/gitlab/libraries/chalk/test/visible.js,570
1062,VariableDeclaration,,-1,-1,13,1,13,40,/Users/masudulhasanmasudbhuiyan/Documents/gitlab/libraries/chalk/test/visible.js,571
1064,NewExpression,Chalk,-1,1,13,18,13,39,/Users/masudulhasanmasudbhuiyan/Documents/gitlab/libraries/chalk/test/visible.js,572
1065,ObjectExpression,,-1,-1,13,28,13,38,/Users/masudulhasanmasudbhuiyan/Documents/gitlab/libraries/chalk/test/visible.js,573
1068,CallExpression,is,-1,2,14,1,14,38,/Users/masudulhasanmasudbhuiyan/Documents/gitlab/libraries/chalk/test/visible.js,574
1070,CallExpression,red,-1,1,14,6,14,33,/Users/masudulhasanmasudbhuiyan/Documents/gitlab/libraries/chalk/test/visible.js,575
1074,CallExpression,is,-1,2,15,1,15,38,/Users/masudulhasanmasudbhuiyan/Documents/gitlab/libraries/chalk/test/visible.js,576
1076,CallExpression,visible,-1,1,15,6,15,33,/Users/masudulhasanmasudbhuiyan/Documents/gitlab/libraries/chalk/test/visible.js,577
1080,CallExpression,test,-1,2,18,0,39,2,/Users/masudulhasanmasudbhuiyan/Documents/gitlab/libraries/chalk/test/visible.js,578
1081,ArrowFunctionExpression,,1,-1,18,71,39,1,/Users/masudulhasanmasudbhuiyan/Documents/gitlab/libraries/chalk/test/visible.js,579
1083,VariableDeclaration,,-1,-1,19,1,19,40,/Users/masudulhasanmasudbhuiyan/Documents/gitlab/libraries/chalk/test/visible.js,580
1085,NewExpression,Chalk,-1,1,19,18,19,39,/Users/masudulhasanmasudbhuiyan/Documents/gitlab/libraries/chalk/test/visible.js,581
1086,ObjectExpression,,-1,-1,19,28,19,38,/Users/masudulhasanmasudbhuiyan/Documents/gitlab/libraries/chalk/test/visible.js,582
1089,CallExpression,is,-1,2,20,1,20,53,/Users/masudulhasanmasudbhuiyan/Documents/gitlab/libraries/chalk/test/visible.js,583
1091,CallExpression,red,-1,1,20,6,20,25,/Users/masudulhasanmasudbhuiyan/Documents/gitlab/libraries/chalk/test/visible.js,584
1094,CallExpression,is,-1,2,21,1,21,61,/Users/masudulhasanmasudbhuiyan/Documents/gitlab/libraries/chalk/test/visible.js,585
1096,CallExpression,red,-1,1,21,6,21,33,/Users/masudulhasanmasudbhuiyan/Documents/gitlab/libraries/chalk/test/visible.js,586
1100,CallExpression,is,-1,2,22,1,22,61,/Users/masudulhasanmasudbhuiyan/Documents/gitlab/libraries/chalk/test/visible.js,587
1102,CallExpression,visible,-1,1,22,6,22,33,/Users/masudulhasanmasudbhuiyan/Documents/gitlab/libraries/chalk/test/visible.js,588
1106,CallExpression,is,-1,2,23,1,23,37,/Users/masudulhasanmasudbhuiyan/Documents/gitlab/libraries/chalk/test/visible.js,589
1108,CallExpression,visible,-1,1,23,6,23,29,/Users/masudulhasanmasudbhuiyan/Documents/gitlab/libraries/chalk/test/visible.js,590
1111,CallExpression,is,-1,2,24,1,24,53,/Users/masudulhasanmasudbhuiyan/Documents/gitlab/libraries/chalk/test/visible.js,591
1113,CallExpression,red,-1,1,24,6,24,25,/Users/masudulhasanmasudbhuiyan/Documents/gitlab/libraries/chalk/test/visible.js,592
1119,CallExpression,is,-1,2,27,1,27,33,/Users/masudulhasanmasudbhuiyan/Documents/gitlab/libraries/chalk/test/visible.js,593
1121,CallExpression,red,-1,1,27,6,27,25,/Users/masudulhasanmasudbhuiyan/Documents/gitlab/libraries/chalk/test/visible.js,594
1124,CallExpression,is,-1,2,28,1,28,34,/Users/masudulhasanmasudbhuiyan/Documents/gitlab/libraries/chalk/test/visible.js,595
1126,CallExpression,visible,-1,1,28,6,28,29,/Users/masudulhasanmasudbhuiyan/Documents/gitlab/libraries/chalk/test/visible.js,596
1129,CallExpression,is,-1,2,29,1,29,38,/Users/masudulhasanmasudbhuiyan/Documents/gitlab/libraries/chalk/test/visible.js,597
1131,CallExpression,red,-1,1,29,6,29,33,/Users/masudulhasanmasudbhuiyan/Documents/gitlab/libraries/chalk/test/visible.js,598
1135,CallExpression,is,-1,2,30,1,30,38,/Users/masudulhasanmasudbhuiyan/Documents/gitlab/libraries/chalk/test/visible.js,599
1137,CallExpression,visible,-1,1,30,6,30,33,/Users/masudulhasanmasudbhuiyan/Documents/gitlab/libraries/chalk/test/visible.js,600
1141,CallExpression,is,-1,2,31,1,31,33,/Users/masudulhasanmasudbhuiyan/Documents/gitlab/libraries/chalk/test/visible.js,601
1143,CallExpression,red,-1,1,31,6,31,25,/Users/masudulhasanmasudbhuiyan/Documents/gitlab/libraries/chalk/test/visible.js,602
1149,CallExpression,is,-1,2,34,1,34,53,/Users/masudulhasanmasudbhuiyan/Documents/gitlab/libraries/chalk/test/visible.js,603
1151,CallExpression,red,-1,1,34,6,34,25,/Users/masudulhasanmasudbhuiyan/Documents/gitlab/libraries/chalk/test/visible.js,604
1154,CallExpression,is,-1,2,35,1,35,61,/Users/masudulhasanmasudbhuiyan/Documents/gitlab/libraries/chalk/test/visible.js,605
1156,CallExpression,red,-1,1,35,6,35,33,/Users/masudulhasanmasudbhuiyan/Documents/gitlab/libraries/chalk/test/visible.js,606
1160,CallExpression,is,-1,2,36,1,36,61,/Users/masudulhasanmasudbhuiyan/Documents/gitlab/libraries/chalk/test/visible.js,607
1162,CallExpression,visible,-1,1,36,6,36,33,/Users/masudulhasanmasudbhuiyan/Documents/gitlab/libraries/chalk/test/visible.js,608
1166,CallExpression,is,-1,2,37,1,37,37,/Users/masudulhasanmasudbhuiyan/Documents/gitlab/libraries/chalk/test/visible.js,609
1168,CallExpression,visible,-1,1,37,6,37,29,/Users/masudulhasanmasudbhuiyan/Documents/gitlab/libraries/chalk/test/visible.js,610
1171,CallExpression,is,-1,2,38,1,38,53,/Users/masudulhasanmasudbhuiyan/Documents/gitlab/libraries/chalk/test/visible.js,611
1173,CallExpression,red,-1,1,38,6,38,25,/Users/masudulhasanmasudbhuiyan/Documents/gitlab/libraries/chalk/test/visible.js,612
