id,type,name,params_len,argument_len,start_line,start_column,end_line,end_column,file_name
1,Program,,-1,-1,1,0,40,1,/Users/masudulhasanmasudbhuiyan/Documents/gitlab/libraries/react-redux/.babelrc.js
2,VariableDeclaration,,-1,-1,1,0,1,43,/Users/masudulhasanmasudbhuiyan/Documents/gitlab/libraries/react-redux/.babelrc.js
3,VariableDeclarator,,-1,-1,1,6,1,43,/Users/masudulhasanmasudbhuiyan/Documents/gitlab/libraries/react-redux/.babelrc.js
4,ObjectPattern,,-1,-1,1,6,1,29,/Users/masudulhasanmasudbhuiyan/Documents/gitlab/libraries/react-redux/.babelrc.js
5,Property,,-1,-1,1,8,1,16,/Users/masudulhasanmasudbhuiyan/Documents/gitlab/libraries/react-redux/.babelrc.js
6,Identifier,NODE_ENV,-1,-1,1,8,1,16,/Users/masudulhasanmasudbhuiyan/Documents/gitlab/libraries/react-redux/.babelrc.js
7,Property,,-1,-1,1,18,1,27,/Users/masudulhasanmasudbhuiyan/Documents/gitlab/libraries/react-redux/.babelrc.js
8,Identifier,BABEL_ENV,-1,-1,1,18,1,27,/Users/masudulhasanmasudbhuiyan/Documents/gitlab/libraries/react-redux/.babelrc.js
9,MemberExpression,,-1,-1,1,32,1,43,/Users/masudulhasanmasudbhuiyan/Documents/gitlab/libraries/react-redux/.babelrc.js
10,Identifier,process,-1,-1,1,32,1,39,/Users/masudulhasanmasudbhuiyan/Documents/gitlab/libraries/react-redux/.babelrc.js
11,Identifier,env,-1,-1,1,40,1,43,/Users/masudulhasanmasudbhuiyan/Documents/gitlab/libraries/react-redux/.babelrc.js
12,VariableDeclaration,,-1,-1,2,0,2,59,/Users/masudulhasanmasudbhuiyan/Documents/gitlab/libraries/react-redux/.babelrc.js
13,VariableDeclarator,,-1,-1,2,6,2,59,/Users/masudulhasanmasudbhuiyan/Documents/gitlab/libraries/react-redux/.babelrc.js
14,Identifier,cjs,-1,-1,2,6,2,9,/Users/masudulhasanmasudbhuiyan/Documents/gitlab/libraries/react-redux/.babelrc.js
15,LogicalExpression,,-1,-1,2,12,2,59,/Users/masudulhasanmasudbhuiyan/Documents/gitlab/libraries/react-redux/.babelrc.js
16,BinaryExpression,,-1,-1,2,12,2,31,/Users/masudulhasanmasudbhuiyan/Documents/gitlab/libraries/react-redux/.babelrc.js
17,BinaryExpression,,-1,-1,2,35,2,59,/Users/masudulhasanmasudbhuiyan/Documents/gitlab/libraries/react-redux/.babelrc.js
18,ExpressionStatement,,-1,-1,4,0,40,1,/Users/masudulhasanmasudbhuiyan/Documents/gitlab/libraries/react-redux/.babelrc.js
19,AssignmentExpression,,-1,-1,4,0,40,1,/Users/masudulhasanmasudbhuiyan/Documents/gitlab/libraries/react-redux/.babelrc.js
20,MemberExpression,,-1,-1,4,0,4,14,/Users/masudulhasanmasudbhuiyan/Documents/gitlab/libraries/react-redux/.babelrc.js
21,Identifier,module,-1,-1,4,0,4,6,/Users/masudulhasanmasudbhuiyan/Documents/gitlab/libraries/react-redux/.babelrc.js
22,Identifier,exports,-1,-1,4,7,4,14,/Users/masudulhasanmasudbhuiyan/Documents/gitlab/libraries/react-redux/.babelrc.js
23,ObjectExpression,,-1,-1,4,17,40,1,/Users/masudulhasanmasudbhuiyan/Documents/gitlab/libraries/react-redux/.babelrc.js
24,Property,,-1,-1,5,2,19,3,/Users/masudulhasanmasudbhuiyan/Documents/gitlab/libraries/react-redux/.babelrc.js
25,Identifier,presets,-1,-1,5,2,5,9,/Users/masudulhasanmasudbhuiyan/Documents/gitlab/libraries/react-redux/.babelrc.js
26,ArrayExpression,,-1,-1,5,11,19,3,/Users/masudulhasanmasudbhuiyan/Documents/gitlab/libraries/react-redux/.babelrc.js
27,ArrayExpression,,-1,-1,6,4,17,5,/Users/masudulhasanmasudbhuiyan/Documents/gitlab/libraries/react-redux/.babelrc.js
28,ObjectExpression,,-1,-1,8,6,16,7,/Users/masudulhasanmasudbhuiyan/Documents/gitlab/libraries/react-redux/.babelrc.js
29,Property,,-1,-1,9,8,11,9,/Users/masudulhasanmasudbhuiyan/Documents/gitlab/libraries/react-redux/.babelrc.js
30,Identifier,targets,-1,-1,9,8,9,15,/Users/masudulhasanmasudbhuiyan/Documents/gitlab/libraries/react-redux/.babelrc.js
31,ObjectExpression,,-1,-1,9,17,11,9,/Users/masudulhasanmasudbhuiyan/Documents/gitlab/libraries/react-redux/.babelrc.js
32,Property,,-1,-1,10,10,10,25,/Users/masudulhasanmasudbhuiyan/Documents/gitlab/libraries/react-redux/.babelrc.js
33,Identifier,esmodules,-1,-1,10,10,10,19,/Users/masudulhasanmasudbhuiyan/Documents/gitlab/libraries/react-redux/.babelrc.js
34,Property,,-1,-1,13,8,13,22,/Users/masudulhasanmasudbhuiyan/Documents/gitlab/libraries/react-redux/.babelrc.js
35,Identifier,bugfixes,-1,-1,13,8,13,16,/Users/masudulhasanmasudbhuiyan/Documents/gitlab/libraries/react-redux/.babelrc.js
36,Property,,-1,-1,14,8,14,22,/Users/masudulhasanmasudbhuiyan/Documents/gitlab/libraries/react-redux/.babelrc.js
37,Identifier,modules,-1,-1,14,8,14,15,/Users/masudulhasanmasudbhuiyan/Documents/gitlab/libraries/react-redux/.babelrc.js
38,Property,,-1,-1,15,8,15,19,/Users/masudulhasanmasudbhuiyan/Documents/gitlab/libraries/react-redux/.babelrc.js
39,Identifier,loose,-1,-1,15,8,15,13,/Users/masudulhasanmasudbhuiyan/Documents/gitlab/libraries/react-redux/.babelrc.js
40,Property,,-1,-1,20,2,36,19,/Users/masudulhasanmasudbhuiyan/Documents/gitlab/libraries/react-redux/.babelrc.js
41,Identifier,plugins,-1,-1,20,2,20,9,/Users/masudulhasanmasudbhuiyan/Documents/gitlab/libraries/react-redux/.babelrc.js
42,CallExpression,filter,-1,1,20,11,36,19,/Users/masudulhasanmasudbhuiyan/Documents/gitlab/libraries/react-redux/.babelrc.js
43,MemberExpression,,-1,-1,20,11,36,10,/Users/masudulhasanmasudbhuiyan/Documents/gitlab/libraries/react-redux/.babelrc.js
44,ArrayExpression,,-1,-1,20,11,36,3,/Users/masudulhasanmasudbhuiyan/Documents/gitlab/libraries/react-redux/.babelrc.js
45,ArrayExpression,,-1,-1,21,4,21,52,/Users/masudulhasanmasudbhuiyan/Documents/gitlab/libraries/react-redux/.babelrc.js
46,ObjectExpression,,-1,-1,21,35,21,51,/Users/masudulhasanmasudbhuiyan/Documents/gitlab/libraries/react-redux/.babelrc.js
47,Property,,-1,-1,21,37,21,49,/Users/masudulhasanmasudbhuiyan/Documents/gitlab/libraries/react-redux/.babelrc.js
48,Identifier,legacy,-1,-1,21,37,21,43,/Users/masudulhasanmasudbhuiyan/Documents/gitlab/libraries/react-redux/.babelrc.js
49,ArrayExpression,,-1,-1,23,4,23,64,/Users/masudulhasanmasudbhuiyan/Documents/gitlab/libraries/react-redux/.babelrc.js
50,ObjectExpression,,-1,-1,23,48,23,63,/Users/masudulhasanmasudbhuiyan/Documents/gitlab/libraries/react-redux/.babelrc.js
51,Property,,-1,-1,23,50,23,61,/Users/masudulhasanmasudbhuiyan/Documents/gitlab/libraries/react-redux/.babelrc.js
52,ArrayExpression,,-1,-1,24,4,24,63,/Users/masudulhasanmasudbhuiyan/Documents/gitlab/libraries/react-redux/.babelrc.js
53,ObjectExpression,,-1,-1,24,47,24,62,/Users/masudulhasanmasudbhuiyan/Documents/gitlab/libraries/react-redux/.babelrc.js
54,Property,,-1,-1,24,49,24,60,/Users/masudulhasanmasudbhuiyan/Documents/gitlab/libraries/react-redux/.babelrc.js
55,ArrayExpression,,-1,-1,25,4,25,74,/Users/masudulhasanmasudbhuiyan/Documents/gitlab/libraries/react-redux/.babelrc.js
56,ObjectExpression,,-1,-1,25,58,25,73,/Users/masudulhasanmasudbhuiyan/Documents/gitlab/libraries/react-redux/.babelrc.js
57,Property,,-1,-1,25,60,25,71,/Users/masudulhasanmasudbhuiyan/Documents/gitlab/libraries/react-redux/.babelrc.js
58,LogicalExpression,,-1,-1,26,4,26,48,/Users/masudulhasanmasudbhuiyan/Documents/gitlab/libraries/react-redux/.babelrc.js
59,ArrayExpression,,-1,-1,26,11,26,48,/Users/masudulhasanmasudbhuiyan/Documents/gitlab/libraries/react-redux/.babelrc.js
60,ArrayExpression,,-1,-1,27,4,35,5,/Users/masudulhasanmasudbhuiyan/Documents/gitlab/libraries/react-redux/.babelrc.js
61,ObjectExpression,,-1,-1,29,6,34,7,/Users/masudulhasanmasudbhuiyan/Documents/gitlab/libraries/react-redux/.babelrc.js
62,Property,,-1,-1,30,8,30,26,/Users/masudulhasanmasudbhuiyan/Documents/gitlab/libraries/react-redux/.babelrc.js
63,Identifier,useESModules,-1,-1,30,8,30,20,/Users/masudulhasanmasudbhuiyan/Documents/gitlab/libraries/react-redux/.babelrc.js
64,UnaryExpression,,-1,-1,30,22,30,26,/Users/masudulhasanmasudbhuiyan/Documents/gitlab/libraries/react-redux/.babelrc.js
65,Property,,-1,-1,31,8,33,33,/Users/masudulhasanmasudbhuiyan/Documents/gitlab/libraries/react-redux/.babelrc.js
66,Identifier,version,-1,-1,31,8,31,15,/Users/masudulhasanmasudbhuiyan/Documents/gitlab/libraries/react-redux/.babelrc.js
67,CallExpression,replace,-1,2,31,17,33,33,/Users/masudulhasanmasudbhuiyan/Documents/gitlab/libraries/react-redux/.babelrc.js
68,MemberExpression,,-1,-1,31,17,33,17,/Users/masudulhasanmasudbhuiyan/Documents/gitlab/libraries/react-redux/.babelrc.js
69,MemberExpression,,-1,-1,31,17,33,9,/Users/masudulhasanmasudbhuiyan/Documents/gitlab/libraries/react-redux/.babelrc.js
70,MemberExpression,,-1,-1,31,17,31,55,/Users/masudulhasanmasudbhuiyan/Documents/gitlab/libraries/react-redux/.babelrc.js
71,CallExpression,require,-1,1,31,17,31,42,/Users/masudulhasanmasudbhuiyan/Documents/gitlab/libraries/react-redux/.babelrc.js
72,Identifier,require,-1,-1,31,17,31,24,/Users/masudulhasanmasudbhuiyan/Documents/gitlab/libraries/react-redux/.babelrc.js
73,Identifier,dependencies,-1,-1,31,43,31,55,/Users/masudulhasanmasudbhuiyan/Documents/gitlab/libraries/react-redux/.babelrc.js
74,Identifier,replace,-1,-1,33,10,33,17,/Users/masudulhasanmasudbhuiyan/Documents/gitlab/libraries/react-redux/.babelrc.js
75,Identifier,filter,-1,-1,36,4,36,10,/Users/masudulhasanmasudbhuiyan/Documents/gitlab/libraries/react-redux/.babelrc.js
76,Identifier,Boolean,-1,-1,36,11,36,18,/Users/masudulhasanmasudbhuiyan/Documents/gitlab/libraries/react-redux/.babelrc.js
77,Property,,-1,-1,37,2,39,3,/Users/masudulhasanmasudbhuiyan/Documents/gitlab/libraries/react-redux/.babelrc.js
78,Identifier,assumptions,-1,-1,37,2,37,13,/Users/masudulhasanmasudbhuiyan/Documents/gitlab/libraries/react-redux/.babelrc.js
79,ObjectExpression,,-1,-1,37,15,39,3,/Users/masudulhasanmasudbhuiyan/Documents/gitlab/libraries/react-redux/.babelrc.js
80,Property,,-1,-1,38,4,38,30,/Users/masudulhasanmasudbhuiyan/Documents/gitlab/libraries/react-redux/.babelrc.js
81,Identifier,enumerableModuleMeta,-1,-1,38,4,38,24,/Users/masudulhasanmasudbhuiyan/Documents/gitlab/libraries/react-redux/.babelrc.js
82,Program,,-1,-1,2,0,4,27,/Users/masudulhasanmasudbhuiyan/Documents/gitlab/libraries/react-redux/examples/publish-ci/rr-rsc-context/next.config.js
83,VariableDeclaration,,-1,-1,2,0,2,21,/Users/masudulhasanmasudbhuiyan/Documents/gitlab/libraries/react-redux/examples/publish-ci/rr-rsc-context/next.config.js
84,VariableDeclarator,,-1,-1,2,6,2,21,/Users/masudulhasanmasudbhuiyan/Documents/gitlab/libraries/react-redux/examples/publish-ci/rr-rsc-context/next.config.js
85,Identifier,nextConfig,-1,-1,2,6,2,16,/Users/masudulhasanmasudbhuiyan/Documents/gitlab/libraries/react-redux/examples/publish-ci/rr-rsc-context/next.config.js
86,ObjectExpression,,-1,-1,2,19,2,21,/Users/masudulhasanmasudbhuiyan/Documents/gitlab/libraries/react-redux/examples/publish-ci/rr-rsc-context/next.config.js
87,ExpressionStatement,,-1,-1,4,0,4,27,/Users/masudulhasanmasudbhuiyan/Documents/gitlab/libraries/react-redux/examples/publish-ci/rr-rsc-context/next.config.js
88,AssignmentExpression,,-1,-1,4,0,4,27,/Users/masudulhasanmasudbhuiyan/Documents/gitlab/libraries/react-redux/examples/publish-ci/rr-rsc-context/next.config.js
89,MemberExpression,,-1,-1,4,0,4,14,/Users/masudulhasanmasudbhuiyan/Documents/gitlab/libraries/react-redux/examples/publish-ci/rr-rsc-context/next.config.js
90,Identifier,module,-1,-1,4,0,4,6,/Users/masudulhasanmasudbhuiyan/Documents/gitlab/libraries/react-redux/examples/publish-ci/rr-rsc-context/next.config.js
91,Identifier,exports,-1,-1,4,7,4,14,/Users/masudulhasanmasudbhuiyan/Documents/gitlab/libraries/react-redux/examples/publish-ci/rr-rsc-context/next.config.js
92,Program,,-1,-1,1,0,55,21,/Users/masudulhasanmasudbhuiyan/Documents/gitlab/libraries/react-redux/rollup.config.js
93,ImportDeclaration,,-1,-1,1,0,1,53,/Users/masudulhasanmasudbhuiyan/Documents/gitlab/libraries/react-redux/rollup.config.js
94,ImportDefaultSpecifier,,-1,-1,1,7,1,18,/Users/masudulhasanmasudbhuiyan/Documents/gitlab/libraries/react-redux/rollup.config.js
95,Identifier,nodeResolve,-1,-1,1,7,1,18,/Users/masudulhasanmasudbhuiyan/Documents/gitlab/libraries/react-redux/rollup.config.js
96,ImportDeclaration,,-1,-1,2,0,2,40,/Users/masudulhasanmasudbhuiyan/Documents/gitlab/libraries/react-redux/rollup.config.js
97,ImportDefaultSpecifier,,-1,-1,2,7,2,12,/Users/masudulhasanmasudbhuiyan/Documents/gitlab/libraries/react-redux/rollup.config.js
98,Identifier,babel,-1,-1,2,7,2,12,/Users/masudulhasanmasudbhuiyan/Documents/gitlab/libraries/react-redux/rollup.config.js
99,ImportDeclaration,,-1,-1,3,0,3,44,/Users/masudulhasanmasudbhuiyan/Documents/gitlab/libraries/react-redux/rollup.config.js
100,ImportDefaultSpecifier,,-1,-1,3,7,3,14,/Users/masudulhasanmasudbhuiyan/Documents/gitlab/libraries/react-redux/rollup.config.js
101,Identifier,replace,-1,-1,3,7,3,14,/Users/masudulhasanmasudbhuiyan/Documents/gitlab/libraries/react-redux/rollup.config.js
102,ImportDeclaration,,-1,-1,4,0,4,46,/Users/masudulhasanmasudbhuiyan/Documents/gitlab/libraries/react-redux/rollup.config.js
103,ImportDefaultSpecifier,,-1,-1,4,7,4,15,/Users/masudulhasanmasudbhuiyan/Documents/gitlab/libraries/react-redux/rollup.config.js
104,Identifier,commonjs,-1,-1,4,7,4,15,/Users/masudulhasanmasudbhuiyan/Documents/gitlab/libraries/react-redux/rollup.config.js
105,ImportDeclaration,,-1,-1,5,0,5,45,/Users/masudulhasanmasudbhuiyan/Documents/gitlab/libraries/react-redux/rollup.config.js
106,ImportSpecifier,,-1,-1,5,9,5,15,/Users/masudulhasanmasudbhuiyan/Documents/gitlab/libraries/react-redux/rollup.config.js
107,Identifier,terser,-1,-1,5,9,5,15,/Users/masudulhasanmasudbhuiyan/Documents/gitlab/libraries/react-redux/rollup.config.js
108,ImportDeclaration,,-1,-1,6,0,6,32,/Users/masudulhasanmasudbhuiyan/Documents/gitlab/libraries/react-redux/rollup.config.js
109,ImportDefaultSpecifier,,-1,-1,6,7,6,10,/Users/masudulhasanmasudbhuiyan/Documents/gitlab/libraries/react-redux/rollup.config.js
110,Identifier,pkg,-1,-1,6,7,6,10,/Users/masudulhasanmasudbhuiyan/Documents/gitlab/libraries/react-redux/rollup.config.js
111,VariableDeclaration,,-1,-1,8,0,8,32,/Users/masudulhasanmasudbhuiyan/Documents/gitlab/libraries/react-redux/rollup.config.js
112,VariableDeclarator,,-1,-1,8,6,8,32,/Users/masudulhasanmasudbhuiyan/Documents/gitlab/libraries/react-redux/rollup.config.js
113,Identifier,env,-1,-1,8,6,8,9,/Users/masudulhasanmasudbhuiyan/Documents/gitlab/libraries/react-redux/rollup.config.js
114,MemberExpression,,-1,-1,8,12,8,32,/Users/masudulhasanmasudbhuiyan/Documents/gitlab/libraries/react-redux/rollup.config.js
115,MemberExpression,,-1,-1,8,12,8,23,/Users/masudulhasanmasudbhuiyan/Documents/gitlab/libraries/react-redux/rollup.config.js
116,Identifier,process,-1,-1,8,12,8,19,/Users/masudulhasanmasudbhuiyan/Documents/gitlab/libraries/react-redux/rollup.config.js
117,Identifier,NODE_ENV,-1,-1,8,24,8,32,/Users/masudulhasanmasudbhuiyan/Documents/gitlab/libraries/react-redux/rollup.config.js
118,VariableDeclaration,,-1,-1,10,0,10,50,/Users/masudulhasanmasudbhuiyan/Documents/gitlab/libraries/react-redux/rollup.config.js
119,VariableDeclarator,,-1,-1,10,6,10,50,/Users/masudulhasanmasudbhuiyan/Documents/gitlab/libraries/react-redux/rollup.config.js
120,Identifier,extensions,-1,-1,10,6,10,16,/Users/masudulhasanmasudbhuiyan/Documents/gitlab/libraries/react-redux/rollup.config.js
121,ArrayExpression,,-1,-1,10,19,10,50,/Users/masudulhasanmasudbhuiyan/Documents/gitlab/libraries/react-redux/rollup.config.js
122,VariableDeclaration,,-1,-1,12,0,40,1,/Users/masudulhasanmasudbhuiyan/Documents/gitlab/libraries/react-redux/rollup.config.js
123,VariableDeclarator,,-1,-1,12,6,40,1,/Users/masudulhasanmasudbhuiyan/Documents/gitlab/libraries/react-redux/rollup.config.js
124,Identifier,config,-1,-1,12,6,12,12,/Users/masudulhasanmasudbhuiyan/Documents/gitlab/libraries/react-redux/rollup.config.js
125,ObjectExpression,,-1,-1,12,15,40,1,/Users/masudulhasanmasudbhuiyan/Documents/gitlab/libraries/react-redux/rollup.config.js
126,Property,,-1,-1,13,2,13,23,/Users/masudulhasanmasudbhuiyan/Documents/gitlab/libraries/react-redux/rollup.config.js
127,Identifier,input,-1,-1,13,2,13,7,/Users/masudulhasanmasudbhuiyan/Documents/gitlab/libraries/react-redux/rollup.config.js
128,Property,,-1,-1,14,2,14,71,/Users/masudulhasanmasudbhuiyan/Documents/gitlab/libraries/react-redux/rollup.config.js
129,Identifier,external,-1,-1,14,2,14,10,/Users/masudulhasanmasudbhuiyan/Documents/gitlab/libraries/react-redux/rollup.config.js
130,CallExpression,concat,-1,1,14,12,14,71,/Users/masudulhasanmasudbhuiyan/Documents/gitlab/libraries/react-redux/rollup.config.js
131,MemberExpression,,-1,-1,14,12,14,58,/Users/masudulhasanmasudbhuiyan/Documents/gitlab/libraries/react-redux/rollup.config.js
132,CallExpression,keys,-1,1,14,12,14,51,/Users/masudulhasanmasudbhuiyan/Documents/gitlab/libraries/react-redux/rollup.config.js
133,MemberExpression,,-1,-1,14,12,14,23,/Users/masudulhasanmasudbhuiyan/Documents/gitlab/libraries/react-redux/rollup.config.js
134,Identifier,Object,-1,-1,14,12,14,18,/Users/masudulhasanmasudbhuiyan/Documents/gitlab/libraries/react-redux/rollup.config.js
135,Identifier,keys,-1,-1,14,19,14,23,/Users/masudulhasanmasudbhuiyan/Documents/gitlab/libraries/react-redux/rollup.config.js
136,LogicalExpression,,-1,-1,14,24,14,50,/Users/masudulhasanmasudbhuiyan/Documents/gitlab/libraries/react-redux/rollup.config.js
137,MemberExpression,,-1,-1,14,24,14,44,/Users/masudulhasanmasudbhuiyan/Documents/gitlab/libraries/react-redux/rollup.config.js
138,Identifier,peerDependencies,-1,-1,14,28,14,44,/Users/masudulhasanmasudbhuiyan/Documents/gitlab/libraries/react-redux/rollup.config.js
139,ObjectExpression,,-1,-1,14,48,14,50,/Users/masudulhasanmasudbhuiyan/Documents/gitlab/libraries/react-redux/rollup.config.js
140,Identifier,concat,-1,-1,14,52,14,58,/Users/masudulhasanmasudbhuiyan/Documents/gitlab/libraries/react-redux/rollup.config.js
141,Property,,-1,-1,15,2,23,3,/Users/masudulhasanmasudbhuiyan/Documents/gitlab/libraries/react-redux/rollup.config.js
142,Identifier,output,-1,-1,15,2,15,8,/Users/masudulhasanmasudbhuiyan/Documents/gitlab/libraries/react-redux/rollup.config.js
143,ObjectExpression,,-1,-1,15,10,23,3,/Users/masudulhasanmasudbhuiyan/Documents/gitlab/libraries/react-redux/rollup.config.js
144,Property,,-1,-1,16,4,16,17,/Users/masudulhasanmasudbhuiyan/Documents/gitlab/libraries/react-redux/rollup.config.js
145,Identifier,format,-1,-1,16,4,16,10,/Users/masudulhasanmasudbhuiyan/Documents/gitlab/libraries/react-redux/rollup.config.js
146,Property,,-1,-1,17,4,17,22,/Users/masudulhasanmasudbhuiyan/Documents/gitlab/libraries/react-redux/rollup.config.js
147,Identifier,name,-1,-1,17,4,17,8,/Users/masudulhasanmasudbhuiyan/Documents/gitlab/libraries/react-redux/rollup.config.js
148,Property,,-1,-1,18,4,22,5,/Users/masudulhasanmasudbhuiyan/Documents/gitlab/libraries/react-redux/rollup.config.js
149,Identifier,globals,-1,-1,18,4,18,11,/Users/masudulhasanmasudbhuiyan/Documents/gitlab/libraries/react-redux/rollup.config.js
150,ObjectExpression,,-1,-1,18,13,22,5,/Users/masudulhasanmasudbhuiyan/Documents/gitlab/libraries/react-redux/rollup.config.js
151,Property,,-1,-1,19,6,19,20,/Users/masudulhasanmasudbhuiyan/Documents/gitlab/libraries/react-redux/rollup.config.js
152,Identifier,react,-1,-1,19,6,19,11,/Users/masudulhasanmasudbhuiyan/Documents/gitlab/libraries/react-redux/rollup.config.js
153,Property,,-1,-1,20,6,20,20,/Users/masudulhasanmasudbhuiyan/Documents/gitlab/libraries/react-redux/rollup.config.js
154,Identifier,redux,-1,-1,20,6,20,11,/Users/masudulhasanmasudbhuiyan/Documents/gitlab/libraries/react-redux/rollup.config.js
155,Property,,-1,-1,21,6,21,29,/Users/masudulhasanmasudbhuiyan/Documents/gitlab/libraries/react-redux/rollup.config.js
156,Property,,-1,-1,24,2,39,3,/Users/masudulhasanmasudbhuiyan/Documents/gitlab/libraries/react-redux/rollup.config.js
157,Identifier,plugins,-1,-1,24,2,24,9,/Users/masudulhasanmasudbhuiyan/Documents/gitlab/libraries/react-redux/rollup.config.js
158,ArrayExpression,,-1,-1,24,11,39,3,/Users/masudulhasanmasudbhuiyan/Documents/gitlab/libraries/react-redux/rollup.config.js
159,CallExpression,nodeResolve,-1,1,25,4,27,6,/Users/masudulhasanmasudbhuiyan/Documents/gitlab/libraries/react-redux/rollup.config.js
160,ObjectExpression,,-1,-1,25,16,27,5,/Users/masudulhasanmasudbhuiyan/Documents/gitlab/libraries/react-redux/rollup.config.js
161,Property,,-1,-1,26,6,26,16,/Users/masudulhasanmasudbhuiyan/Documents/gitlab/libraries/react-redux/rollup.config.js
162,CallExpression,babel,-1,1,28,4,33,6,/Users/masudulhasanmasudbhuiyan/Documents/gitlab/libraries/react-redux/rollup.config.js
163,ObjectExpression,,-1,-1,28,10,33,5,/Users/masudulhasanmasudbhuiyan/Documents/gitlab/libraries/react-redux/rollup.config.js
164,Property,,-1,-1,29,6,29,25,/Users/masudulhasanmasudbhuiyan/Documents/gitlab/libraries/react-redux/rollup.config.js
165,Identifier,include,-1,-1,29,6,29,13,/Users/masudulhasanmasudbhuiyan/Documents/gitlab/libraries/react-redux/rollup.config.js
166,Property,,-1,-1,30,6,30,35,/Users/masudulhasanmasudbhuiyan/Documents/gitlab/libraries/react-redux/rollup.config.js
167,Identifier,exclude,-1,-1,30,6,30,13,/Users/masudulhasanmasudbhuiyan/Documents/gitlab/libraries/react-redux/rollup.config.js
168,Property,,-1,-1,31,6,31,29,/Users/masudulhasanmasudbhuiyan/Documents/gitlab/libraries/react-redux/rollup.config.js
169,Identifier,babelHelpers,-1,-1,31,6,31,18,/Users/masudulhasanmasudbhuiyan/Documents/gitlab/libraries/react-redux/rollup.config.js
170,Property,,-1,-1,32,6,32,16,/Users/masudulhasanmasudbhuiyan/Documents/gitlab/libraries/react-redux/rollup.config.js
171,CallExpression,replace,-1,1,34,4,37,6,/Users/masudulhasanmasudbhuiyan/Documents/gitlab/libraries/react-redux/rollup.config.js
172,ObjectExpression,,-1,-1,34,12,37,5,/Users/masudulhasanmasudbhuiyan/Documents/gitlab/libraries/react-redux/rollup.config.js
173,Property,,-1,-1,35,6,35,49,/Users/masudulhasanmasudbhuiyan/Documents/gitlab/libraries/react-redux/rollup.config.js
174,CallExpression,stringify,-1,1,35,30,35,49,/Users/masudulhasanmasudbhuiyan/Documents/gitlab/libraries/react-redux/rollup.config.js
175,MemberExpression,,-1,-1,35,30,35,44,/Users/masudulhasanmasudbhuiyan/Documents/gitlab/libraries/react-redux/rollup.config.js
176,Identifier,JSON,-1,-1,35,30,35,34,/Users/masudulhasanmasudbhuiyan/Documents/gitlab/libraries/react-redux/rollup.config.js
177,Identifier,stringify,-1,-1,35,35,35,44,/Users/masudulhasanmasudbhuiyan/Documents/gitlab/libraries/react-redux/rollup.config.js
178,Property,,-1,-1,36,6,36,29,/Users/masudulhasanmasudbhuiyan/Documents/gitlab/libraries/react-redux/rollup.config.js
179,Identifier,preventAssignment,-1,-1,36,6,36,23,/Users/masudulhasanmasudbhuiyan/Documents/gitlab/libraries/react-redux/rollup.config.js
180,CallExpression,commonjs,-1,0,38,4,38,14,/Users/masudulhasanmasudbhuiyan/Documents/gitlab/libraries/react-redux/rollup.config.js
181,IfStatement,,-1,-1,42,0,53,1,/Users/masudulhasanmasudbhuiyan/Documents/gitlab/libraries/react-redux/rollup.config.js
182,BinaryExpression,,-1,-1,42,4,42,24,/Users/masudulhasanmasudbhuiyan/Documents/gitlab/libraries/react-redux/rollup.config.js
183,BlockStatement,,-1,-1,42,26,53,1,/Users/masudulhasanmasudbhuiyan/Documents/gitlab/libraries/react-redux/rollup.config.js
184,ExpressionStatement,,-1,-1,43,2,52,3,/Users/masudulhasanmasudbhuiyan/Documents/gitlab/libraries/react-redux/rollup.config.js
185,CallExpression,push,-1,1,43,2,52,3,/Users/masudulhasanmasudbhuiyan/Documents/gitlab/libraries/react-redux/rollup.config.js
186,MemberExpression,,-1,-1,43,2,43,21,/Users/masudulhasanmasudbhuiyan/Documents/gitlab/libraries/react-redux/rollup.config.js
187,MemberExpression,,-1,-1,43,2,43,16,/Users/masudulhasanmasudbhuiyan/Documents/gitlab/libraries/react-redux/rollup.config.js
188,Identifier,push,-1,-1,43,17,43,21,/Users/masudulhasanmasudbhuiyan/Documents/gitlab/libraries/react-redux/rollup.config.js
189,CallExpression,terser,-1,1,44,4,51,6,/Users/masudulhasanmasudbhuiyan/Documents/gitlab/libraries/react-redux/rollup.config.js
190,ObjectExpression,,-1,-1,44,11,51,5,/Users/masudulhasanmasudbhuiyan/Documents/gitlab/libraries/react-redux/rollup.config.js
191,Property,,-1,-1,45,6,50,7,/Users/masudulhasanmasudbhuiyan/Documents/gitlab/libraries/react-redux/rollup.config.js
192,Identifier,compress,-1,-1,45,6,45,14,/Users/masudulhasanmasudbhuiyan/Documents/gitlab/libraries/react-redux/rollup.config.js
193,ObjectExpression,,-1,-1,45,16,50,7,/Users/masudulhasanmasudbhuiyan/Documents/gitlab/libraries/react-redux/rollup.config.js
194,Property,,-1,-1,46,8,46,26,/Users/masudulhasanmasudbhuiyan/Documents/gitlab/libraries/react-redux/rollup.config.js
195,Identifier,pure_getters,-1,-1,46,8,46,20,/Users/masudulhasanmasudbhuiyan/Documents/gitlab/libraries/react-redux/rollup.config.js
196,Property,,-1,-1,47,8,47,20,/Users/masudulhasanmasudbhuiyan/Documents/gitlab/libraries/react-redux/rollup.config.js
197,Identifier,unsafe,-1,-1,47,8,47,14,/Users/masudulhasanmasudbhuiyan/Documents/gitlab/libraries/react-redux/rollup.config.js
198,Property,,-1,-1,48,8,48,26,/Users/masudulhasanmasudbhuiyan/Documents/gitlab/libraries/react-redux/rollup.config.js
199,Identifier,unsafe_comps,-1,-1,48,8,48,20,/Users/masudulhasanmasudbhuiyan/Documents/gitlab/libraries/react-redux/rollup.config.js
200,Property,,-1,-1,49,8,49,23,/Users/masudulhasanmasudbhuiyan/Documents/gitlab/libraries/react-redux/rollup.config.js
201,Identifier,warnings,-1,-1,49,8,49,16,/Users/masudulhasanmasudbhuiyan/Documents/gitlab/libraries/react-redux/rollup.config.js
202,ExportDefaultDeclaration,,-1,-1,55,0,55,21,/Users/masudulhasanmasudbhuiyan/Documents/gitlab/libraries/react-redux/rollup.config.js
203,Program,,-1,-1,11,0,208,27,/Users/masudulhasanmasudbhuiyan/Documents/gitlab/libraries/react-redux/website/docusaurus.config.js
204,VariableDeclaration,,-1,-1,11,0,206,1,/Users/masudulhasanmasudbhuiyan/Documents/gitlab/libraries/react-redux/website/docusaurus.config.js
205,VariableDeclarator,,-1,-1,11,6,206,1,/Users/masudulhasanmasudbhuiyan/Documents/gitlab/libraries/react-redux/website/docusaurus.config.js
206,Identifier,siteConfig,-1,-1,11,6,11,16,/Users/masudulhasanmasudbhuiyan/Documents/gitlab/libraries/react-redux/website/docusaurus.config.js
207,ObjectExpression,,-1,-1,11,19,206,1,/Users/masudulhasanmasudbhuiyan/Documents/gitlab/libraries/react-redux/website/docusaurus.config.js
208,Property,,-1,-1,12,2,36,3,/Users/masudulhasanmasudbhuiyan/Documents/gitlab/libraries/react-redux/website/docusaurus.config.js
209,Identifier,presets,-1,-1,12,2,12,9,/Users/masudulhasanmasudbhuiyan/Documents/gitlab/libraries/react-redux/website/docusaurus.config.js
210,ArrayExpression,,-1,-1,12,11,36,3,/Users/masudulhasanmasudbhuiyan/Documents/gitlab/libraries/react-redux/website/docusaurus.config.js
211,ArrayExpression,,-1,-1,13,4,35,5,/Users/masudulhasanmasudbhuiyan/Documents/gitlab/libraries/react-redux/website/docusaurus.config.js
212,ObjectExpression,,-1,-1,15,6,34,7,/Users/masudulhasanmasudbhuiyan/Documents/gitlab/libraries/react-redux/website/docusaurus.config.js
213,Property,,-1,-1,16,8,26,9,/Users/masudulhasanmasudbhuiyan/Documents/gitlab/libraries/react-redux/website/docusaurus.config.js
214,Identifier,docs,-1,-1,16,8,16,12,/Users/masudulhasanmasudbhuiyan/Documents/gitlab/libraries/react-redux/website/docusaurus.config.js
215,ObjectExpression,,-1,-1,16,14,26,9,/Users/masudulhasanmasudbhuiyan/Documents/gitlab/libraries/react-redux/website/docusaurus.config.js
216,Property,,-1,-1,17,10,17,25,/Users/masudulhasanmasudbhuiyan/Documents/gitlab/libraries/react-redux/website/docusaurus.config.js
217,Identifier,path,-1,-1,17,10,17,14,/Users/masudulhasanmasudbhuiyan/Documents/gitlab/libraries/react-redux/website/docusaurus.config.js
218,Property,,-1,-1,18,10,18,28,/Users/masudulhasanmasudbhuiyan/Documents/gitlab/libraries/react-redux/website/docusaurus.config.js
219,Identifier,routeBasePath,-1,-1,18,10,18,23,/Users/masudulhasanmasudbhuiyan/Documents/gitlab/libraries/react-redux/website/docusaurus.config.js
220,Property,,-1,-1,19,10,19,55,/Users/masudulhasanmasudbhuiyan/Documents/gitlab/libraries/react-redux/website/docusaurus.config.js
221,Identifier,sidebarPath,-1,-1,19,10,19,21,/Users/masudulhasanmasudbhuiyan/Documents/gitlab/libraries/react-redux/website/docusaurus.config.js
222,CallExpression,resolve,-1,1,19,23,19,55,/Users/masudulhasanmasudbhuiyan/Documents/gitlab/libraries/react-redux/website/docusaurus.config.js
223,MemberExpression,,-1,-1,19,23,19,38,/Users/masudulhasanmasudbhuiyan/Documents/gitlab/libraries/react-redux/website/docusaurus.config.js
224,Identifier,require,-1,-1,19,23,19,30,/Users/masudulhasanmasudbhuiyan/Documents/gitlab/libraries/react-redux/website/docusaurus.config.js
225,Identifier,resolve,-1,-1,19,31,19,38,/Users/masudulhasanmasudbhuiyan/Documents/gitlab/libraries/react-redux/website/docusaurus.config.js
226,Property,,-1,-1,20,10,20,34,/Users/masudulhasanmasudbhuiyan/Documents/gitlab/libraries/react-redux/website/docusaurus.config.js
227,Identifier,showLastUpdateTime,-1,-1,20,10,20,28,/Users/masudulhasanmasudbhuiyan/Documents/gitlab/libraries/react-redux/website/docusaurus.config.js
228,Property,,-1,-1,21,10,21,79,/Users/masudulhasanmasudbhuiyan/Documents/gitlab/libraries/react-redux/website/docusaurus.config.js
229,Identifier,editUrl,-1,-1,21,10,21,17,/Users/masudulhasanmasudbhuiyan/Documents/gitlab/libraries/react-redux/website/docusaurus.config.js
230,Property,,-1,-1,22,10,25,11,/Users/masudulhasanmasudbhuiyan/Documents/gitlab/libraries/react-redux/website/docusaurus.config.js
231,Identifier,include,-1,-1,22,10,22,17,/Users/masudulhasanmasudbhuiyan/Documents/gitlab/libraries/react-redux/website/docusaurus.config.js
232,ArrayExpression,,-1,-1,22,19,25,11,/Users/masudulhasanmasudbhuiyan/Documents/gitlab/libraries/react-redux/website/docusaurus.config.js
233,Property,,-1,-1,27,8,33,9,/Users/masudulhasanmasudbhuiyan/Documents/gitlab/libraries/react-redux/website/docusaurus.config.js
234,Identifier,theme,-1,-1,27,8,27,13,/Users/masudulhasanmasudbhuiyan/Documents/gitlab/libraries/react-redux/website/docusaurus.config.js
235,ObjectExpression,,-1,-1,27,15,33,9,/Users/masudulhasanmasudbhuiyan/Documents/gitlab/libraries/react-redux/website/docusaurus.config.js
236,Property,,-1,-1,28,10,32,11,/Users/masudulhasanmasudbhuiyan/Documents/gitlab/libraries/react-redux/website/docusaurus.config.js
237,Identifier,customCss,-1,-1,28,10,28,19,/Users/masudulhasanmasudbhuiyan/Documents/gitlab/libraries/react-redux/website/docusaurus.config.js
238,ArrayExpression,,-1,-1,28,21,32,11,/Users/masudulhasanmasudbhuiyan/Documents/gitlab/libraries/react-redux/website/docusaurus.config.js
239,CallExpression,resolve,-1,1,29,12,29,54,/Users/masudulhasanmasudbhuiyan/Documents/gitlab/libraries/react-redux/website/docusaurus.config.js
240,MemberExpression,,-1,-1,29,12,29,27,/Users/masudulhasanmasudbhuiyan/Documents/gitlab/libraries/react-redux/website/docusaurus.config.js
241,CallExpression,resolve,-1,1,30,12,30,51,/Users/masudulhasanmasudbhuiyan/Documents/gitlab/libraries/react-redux/website/docusaurus.config.js
242,MemberExpression,,-1,-1,30,12,30,27,/Users/masudulhasanmasudbhuiyan/Documents/gitlab/libraries/react-redux/website/docusaurus.config.js
243,CallExpression,resolve,-1,1,31,12,31,57,/Users/masudulhasanmasudbhuiyan/Documents/gitlab/libraries/react-redux/website/docusaurus.config.js
244,MemberExpression,,-1,-1,31,12,31,27,/Users/masudulhasanmasudbhuiyan/Documents/gitlab/libraries/react-redux/website/docusaurus.config.js
245,Property,,-1,-1,37,2,37,22,/Users/masudulhasanmasudbhuiyan/Documents/gitlab/libraries/react-redux/website/docusaurus.config.js
246,Identifier,title,-1,-1,37,2,37,7,/Users/masudulhasanmasudbhuiyan/Documents/gitlab/libraries/react-redux/website/docusaurus.config.js
247,Property,,-1,-1,38,2,38,24,/Users/masudulhasanmasudbhuiyan/Documents/gitlab/libraries/react-redux/website/docusaurus.config.js
248,Identifier,onBrokenLinks,-1,-1,38,2,38,15,/Users/masudulhasanmasudbhuiyan/Documents/gitlab/libraries/react-redux/website/docusaurus.config.js
249,Property,,-1,-1,39,2,39,46,/Users/masudulhasanmasudbhuiyan/Documents/gitlab/libraries/react-redux/website/docusaurus.config.js
250,Identifier,tagline,-1,-1,39,2,39,9,/Users/masudulhasanmasudbhuiyan/Documents/gitlab/libraries/react-redux/website/docusaurus.config.js
251,Property,,-1,-1,40,2,40,35,/Users/masudulhasanmasudbhuiyan/Documents/gitlab/libraries/react-redux/website/docusaurus.config.js
252,Identifier,url,-1,-1,40,2,40,5,/Users/masudulhasanmasudbhuiyan/Documents/gitlab/libraries/react-redux/website/docusaurus.config.js
253,Property,,-1,-1,41,2,41,14,/Users/masudulhasanmasudbhuiyan/Documents/gitlab/libraries/react-redux/website/docusaurus.config.js
254,Identifier,baseUrl,-1,-1,41,2,41,9,/Users/masudulhasanmasudbhuiyan/Documents/gitlab/libraries/react-redux/website/docusaurus.config.js
255,Property,,-1,-1,43,2,43,28,/Users/masudulhasanmasudbhuiyan/Documents/gitlab/libraries/react-redux/website/docusaurus.config.js
256,Identifier,projectName,-1,-1,43,2,43,13,/Users/masudulhasanmasudbhuiyan/Documents/gitlab/libraries/react-redux/website/docusaurus.config.js
257,Property,,-1,-1,44,2,44,29,/Users/masudulhasanmasudbhuiyan/Documents/gitlab/libraries/react-redux/website/docusaurus.config.js
258,Identifier,organizationName,-1,-1,44,2,44,18,/Users/masudulhasanmasudbhuiyan/Documents/gitlab/libraries/react-redux/website/docusaurus.config.js
259,Property,,-1,-1,48,2,48,36,/Users/masudulhasanmasudbhuiyan/Documents/gitlab/libraries/react-redux/website/docusaurus.config.js
260,Identifier,favicon,-1,-1,48,2,48,9,/Users/masudulhasanmasudbhuiyan/Documents/gitlab/libraries/react-redux/website/docusaurus.config.js
261,Property,,-1,-1,51,2,58,3,/Users/masudulhasanmasudbhuiyan/Documents/gitlab/libraries/react-redux/website/docusaurus.config.js
262,Identifier,scripts,-1,-1,51,2,51,9,/Users/masudulhasanmasudbhuiyan/Documents/gitlab/libraries/react-redux/website/docusaurus.config.js
263,ArrayExpression,,-1,-1,51,11,58,3,/Users/masudulhasanmasudbhuiyan/Documents/gitlab/libraries/react-redux/website/docusaurus.config.js
264,ObjectExpression,,-1,-1,54,4,57,5,/Users/masudulhasanmasudbhuiyan/Documents/gitlab/libraries/react-redux/website/docusaurus.config.js
265,Property,,-1,-1,55,6,55,87,/Users/masudulhasanmasudbhuiyan/Documents/gitlab/libraries/react-redux/website/docusaurus.config.js
266,Identifier,src,-1,-1,55,6,55,9,/Users/masudulhasanmasudbhuiyan/Documents/gitlab/libraries/react-redux/website/docusaurus.config.js
267,Property,,-1,-1,56,6,56,17,/Users/masudulhasanmasudbhuiyan/Documents/gitlab/libraries/react-redux/website/docusaurus.config.js
268,Identifier,async,-1,-1,56,6,56,11,/Users/masudulhasanmasudbhuiyan/Documents/gitlab/libraries/react-redux/website/docusaurus.config.js
269,Property,,-1,-1,61,2,63,3,/Users/masudulhasanmasudbhuiyan/Documents/gitlab/libraries/react-redux/website/docusaurus.config.js
270,Identifier,customFields,-1,-1,61,2,61,14,/Users/masudulhasanmasudbhuiyan/Documents/gitlab/libraries/react-redux/website/docusaurus.config.js
271,ObjectExpression,,-1,-1,61,16,63,3,/Users/masudulhasanmasudbhuiyan/Documents/gitlab/libraries/react-redux/website/docusaurus.config.js
272,Property,,-1,-1,62,4,62,53,/Users/masudulhasanmasudbhuiyan/Documents/gitlab/libraries/react-redux/website/docusaurus.config.js
273,Identifier,repoUrl,-1,-1,62,4,62,11,/Users/masudulhasanmasudbhuiyan/Documents/gitlab/libraries/react-redux/website/docusaurus.config.js
274,Property,,-1,-1,64,2,191,3,/Users/masudulhasanmasudbhuiyan/Documents/gitlab/libraries/react-redux/website/docusaurus.config.js
275,Identifier,themeConfig,-1,-1,64,2,64,13,/Users/masudulhasanmasudbhuiyan/Documents/gitlab/libraries/react-redux/website/docusaurus.config.js
276,ObjectExpression,,-1,-1,64,15,191,3,/Users/masudulhasanmasudbhuiyan/Documents/gitlab/libraries/react-redux/website/docusaurus.config.js
277,Property,,-1,-1,65,4,65,60,/Users/masudulhasanmasudbhuiyan/Documents/gitlab/libraries/react-redux/website/docusaurus.config.js
278,Identifier,metadata,-1,-1,65,4,65,12,/Users/masudulhasanmasudbhuiyan/Documents/gitlab/libraries/react-redux/website/docusaurus.config.js
279,ArrayExpression,,-1,-1,65,14,65,60,/Users/masudulhasanmasudbhuiyan/Documents/gitlab/libraries/react-redux/website/docusaurus.config.js
280,ObjectExpression,,-1,-1,65,15,65,59,/Users/masudulhasanmasudbhuiyan/Documents/gitlab/libraries/react-redux/website/docusaurus.config.js
281,Property,,-1,-1,65,17,65,37,/Users/masudulhasanmasudbhuiyan/Documents/gitlab/libraries/react-redux/website/docusaurus.config.js
282,Identifier,name,-1,-1,65,17,65,21,/Users/masudulhasanmasudbhuiyan/Documents/gitlab/libraries/react-redux/website/docusaurus.config.js
283,Property,,-1,-1,65,39,65,57,/Users/masudulhasanmasudbhuiyan/Documents/gitlab/libraries/react-redux/website/docusaurus.config.js
284,Identifier,content,-1,-1,65,39,65,46,/Users/masudulhasanmasudbhuiyan/Documents/gitlab/libraries/react-redux/website/docusaurus.config.js
285,Property,,-1,-1,66,4,68,5,/Users/masudulhasanmasudbhuiyan/Documents/gitlab/libraries/react-redux/website/docusaurus.config.js
286,Identifier,prism,-1,-1,66,4,66,9,/Users/masudulhasanmasudbhuiyan/Documents/gitlab/libraries/react-redux/website/docusaurus.config.js
287,ObjectExpression,,-1,-1,66,11,68,5,/Users/masudulhasanmasudbhuiyan/Documents/gitlab/libraries/react-redux/website/docusaurus.config.js
288,Property,,-1,-1,67,6,67,56,/Users/masudulhasanmasudbhuiyan/Documents/gitlab/libraries/react-redux/website/docusaurus.config.js
289,CallExpression,require,-1,1,67,13,67,56,/Users/masudulhasanmasudbhuiyan/Documents/gitlab/libraries/react-redux/website/docusaurus.config.js
290,Property,,-1,-1,69,4,69,41,/Users/masudulhasanmasudbhuiyan/Documents/gitlab/libraries/react-redux/website/docusaurus.config.js
291,Identifier,image,-1,-1,69,4,69,9,/Users/masudulhasanmasudbhuiyan/Documents/gitlab/libraries/react-redux/website/docusaurus.config.js
292,Property,,-1,-1,70,4,105,5,/Users/masudulhasanmasudbhuiyan/Documents/gitlab/libraries/react-redux/website/docusaurus.config.js
293,Identifier,navbar,-1,-1,70,4,70,10,/Users/masudulhasanmasudbhuiyan/Documents/gitlab/libraries/react-redux/website/docusaurus.config.js
294,ObjectExpression,,-1,-1,70,12,105,5,/Users/masudulhasanmasudbhuiyan/Documents/gitlab/libraries/react-redux/website/docusaurus.config.js
295,Property,,-1,-1,71,6,71,26,/Users/masudulhasanmasudbhuiyan/Documents/gitlab/libraries/react-redux/website/docusaurus.config.js
296,Property,,-1,-1,72,6,75,7,/Users/masudulhasanmasudbhuiyan/Documents/gitlab/libraries/react-redux/website/docusaurus.config.js
297,Identifier,logo,-1,-1,72,6,72,10,/Users/masudulhasanmasudbhuiyan/Documents/gitlab/libraries/react-redux/website/docusaurus.config.js
298,ObjectExpression,,-1,-1,72,12,75,7,/Users/masudulhasanmasudbhuiyan/Documents/gitlab/libraries/react-redux/website/docusaurus.config.js
299,Property,,-1,-1,73,8,73,25,/Users/masudulhasanmasudbhuiyan/Documents/gitlab/libraries/react-redux/website/docusaurus.config.js
300,Identifier,alt,-1,-1,73,8,73,11,/Users/masudulhasanmasudbhuiyan/Documents/gitlab/libraries/react-redux/website/docusaurus.config.js
301,Property,,-1,-1,74,8,74,28,/Users/masudulhasanmasudbhuiyan/Documents/gitlab/libraries/react-redux/website/docusaurus.config.js
302,Property,,-1,-1,76,6,104,7,/Users/masudulhasanmasudbhuiyan/Documents/gitlab/libraries/react-redux/website/docusaurus.config.js
303,Identifier,items,-1,-1,76,6,76,11,/Users/masudulhasanmasudbhuiyan/Documents/gitlab/libraries/react-redux/website/docusaurus.config.js
304,ArrayExpression,,-1,-1,76,13,104,7,/Users/masudulhasanmasudbhuiyan/Documents/gitlab/libraries/react-redux/website/docusaurus.config.js
305,ObjectExpression,,-1,-1,77,8,81,9,/Users/masudulhasanmasudbhuiyan/Documents/gitlab/libraries/react-redux/website/docusaurus.config.js
306,Property,,-1,-1,78,10,78,44,/Users/masudulhasanmasudbhuiyan/Documents/gitlab/libraries/react-redux/website/docusaurus.config.js
307,Identifier,to,-1,-1,78,10,78,12,/Users/masudulhasanmasudbhuiyan/Documents/gitlab/libraries/react-redux/website/docusaurus.config.js
308,Property,,-1,-1,79,10,79,34,/Users/masudulhasanmasudbhuiyan/Documents/gitlab/libraries/react-redux/website/docusaurus.config.js
309,Identifier,label,-1,-1,79,10,79,15,/Users/masudulhasanmasudbhuiyan/Documents/gitlab/libraries/react-redux/website/docusaurus.config.js
310,Property,,-1,-1,80,10,80,27,/Users/masudulhasanmasudbhuiyan/Documents/gitlab/libraries/react-redux/website/docusaurus.config.js
311,Identifier,position,-1,-1,80,10,80,18,/Users/masudulhasanmasudbhuiyan/Documents/gitlab/libraries/react-redux/website/docusaurus.config.js
312,ObjectExpression,,-1,-1,82,8,86,9,/Users/masudulhasanmasudbhuiyan/Documents/gitlab/libraries/react-redux/website/docusaurus.config.js
313,Property,,-1,-1,83,10,83,37,/Users/masudulhasanmasudbhuiyan/Documents/gitlab/libraries/react-redux/website/docusaurus.config.js
314,Property,,-1,-1,84,10,84,27,/Users/masudulhasanmasudbhuiyan/Documents/gitlab/libraries/react-redux/website/docusaurus.config.js
315,Property,,-1,-1,85,10,85,27,/Users/masudulhasanmasudbhuiyan/Documents/gitlab/libraries/react-redux/website/docusaurus.config.js
316,ObjectExpression,,-1,-1,87,8,91,9,/Users/masudulhasanmasudbhuiyan/Documents/gitlab/libraries/react-redux/website/docusaurus.config.js
317,Property,,-1,-1,88,10,88,50,/Users/masudulhasanmasudbhuiyan/Documents/gitlab/libraries/react-redux/website/docusaurus.config.js
318,Property,,-1,-1,89,10,89,36,/Users/masudulhasanmasudbhuiyan/Documents/gitlab/libraries/react-redux/website/docusaurus.config.js
319,Property,,-1,-1,90,10,90,27,/Users/masudulhasanmasudbhuiyan/Documents/gitlab/libraries/react-redux/website/docusaurus.config.js
320,ObjectExpression,,-1,-1,92,8,92,60,/Users/masudulhasanmasudbhuiyan/Documents/gitlab/libraries/react-redux/website/docusaurus.config.js
321,Property,,-1,-1,92,10,92,25,/Users/masudulhasanmasudbhuiyan/Documents/gitlab/libraries/react-redux/website/docusaurus.config.js
322,Property,,-1,-1,92,27,92,39,/Users/masudulhasanmasudbhuiyan/Documents/gitlab/libraries/react-redux/website/docusaurus.config.js
323,Property,,-1,-1,92,41,92,58,/Users/masudulhasanmasudbhuiyan/Documents/gitlab/libraries/react-redux/website/docusaurus.config.js
324,ObjectExpression,,-1,-1,93,8,98,9,/Users/masudulhasanmasudbhuiyan/Documents/gitlab/libraries/react-redux/website/docusaurus.config.js
325,Property,,-1,-1,94,10,94,60,/Users/masudulhasanmasudbhuiyan/Documents/gitlab/libraries/react-redux/website/docusaurus.config.js
326,Identifier,href,-1,-1,94,10,94,14,/Users/masudulhasanmasudbhuiyan/Documents/gitlab/libraries/react-redux/website/docusaurus.config.js
327,Property,,-1,-1,95,10,95,25,/Users/masudulhasanmasudbhuiyan/Documents/gitlab/libraries/react-redux/website/docusaurus.config.js
328,Property,,-1,-1,96,10,96,27,/Users/masudulhasanmasudbhuiyan/Documents/gitlab/libraries/react-redux/website/docusaurus.config.js
329,Property,,-1,-1,97,10,97,29,/Users/masudulhasanmasudbhuiyan/Documents/gitlab/libraries/react-redux/website/docusaurus.config.js
330,Identifier,className,-1,-1,97,10,97,19,/Users/masudulhasanmasudbhuiyan/Documents/gitlab/libraries/react-redux/website/docusaurus.config.js
331,ObjectExpression,,-1,-1,99,8,103,9,/Users/masudulhasanmasudbhuiyan/Documents/gitlab/libraries/react-redux/website/docusaurus.config.js
332,Property,,-1,-1,100,10,100,67,/Users/masudulhasanmasudbhuiyan/Documents/gitlab/libraries/react-redux/website/docusaurus.config.js
333,Property,,-1,-1,101,10,101,29,/Users/masudulhasanmasudbhuiyan/Documents/gitlab/libraries/react-redux/website/docusaurus.config.js
334,Property,,-1,-1,102,10,102,27,/Users/masudulhasanmasudbhuiyan/Documents/gitlab/libraries/react-redux/website/docusaurus.config.js
335,Property,,-1,-1,106,4,184,5,/Users/masudulhasanmasudbhuiyan/Documents/gitlab/libraries/react-redux/website/docusaurus.config.js
336,Identifier,footer,-1,-1,106,4,106,10,/Users/masudulhasanmasudbhuiyan/Documents/gitlab/libraries/react-redux/website/docusaurus.config.js
337,ObjectExpression,,-1,-1,106,12,184,5,/Users/masudulhasanmasudbhuiyan/Documents/gitlab/libraries/react-redux/website/docusaurus.config.js
338,Property,,-1,-1,107,6,107,19,/Users/masudulhasanmasudbhuiyan/Documents/gitlab/libraries/react-redux/website/docusaurus.config.js
339,Identifier,style,-1,-1,107,6,107,11,/Users/masudulhasanmasudbhuiyan/Documents/gitlab/libraries/react-redux/website/docusaurus.config.js
340,Property,,-1,-1,108,6,111,7,/Users/masudulhasanmasudbhuiyan/Documents/gitlab/libraries/react-redux/website/docusaurus.config.js
341,ObjectExpression,,-1,-1,108,12,111,7,/Users/masudulhasanmasudbhuiyan/Documents/gitlab/libraries/react-redux/website/docusaurus.config.js
342,Property,,-1,-1,109,8,109,25,/Users/masudulhasanmasudbhuiyan/Documents/gitlab/libraries/react-redux/website/docusaurus.config.js
343,Property,,-1,-1,110,8,110,34,/Users/masudulhasanmasudbhuiyan/Documents/gitlab/libraries/react-redux/website/docusaurus.config.js
344,Property,,-1,-1,112,6,113,85,/Users/masudulhasanmasudbhuiyan/Documents/gitlab/libraries/react-redux/website/docusaurus.config.js
345,Identifier,copyright,-1,-1,112,6,112,15,/Users/masudulhasanmasudbhuiyan/Documents/gitlab/libraries/react-redux/website/docusaurus.config.js
346,Property,,-1,-1,114,6,183,7,/Users/masudulhasanmasudbhuiyan/Documents/gitlab/libraries/react-redux/website/docusaurus.config.js
347,Identifier,links,-1,-1,114,6,114,11,/Users/masudulhasanmasudbhuiyan/Documents/gitlab/libraries/react-redux/website/docusaurus.config.js
348,ArrayExpression,,-1,-1,114,13,183,7,/Users/masudulhasanmasudbhuiyan/Documents/gitlab/libraries/react-redux/website/docusaurus.config.js
349,ObjectExpression,,-1,-1,115,8,135,9,/Users/masudulhasanmasudbhuiyan/Documents/gitlab/libraries/react-redux/website/docusaurus.config.js
350,Property,,-1,-1,116,10,116,23,/Users/masudulhasanmasudbhuiyan/Documents/gitlab/libraries/react-redux/website/docusaurus.config.js
351,Property,,-1,-1,117,10,134,11,/Users/masudulhasanmasudbhuiyan/Documents/gitlab/libraries/react-redux/website/docusaurus.config.js
352,ArrayExpression,,-1,-1,117,17,134,11,/Users/masudulhasanmasudbhuiyan/Documents/gitlab/libraries/react-redux/website/docusaurus.config.js
353,ObjectExpression,,-1,-1,118,12,121,13,/Users/masudulhasanmasudbhuiyan/Documents/gitlab/libraries/react-redux/website/docusaurus.config.js
354,Property,,-1,-1,119,14,119,35,/Users/masudulhasanmasudbhuiyan/Documents/gitlab/libraries/react-redux/website/docusaurus.config.js
355,Property,,-1,-1,120,14,120,48,/Users/masudulhasanmasudbhuiyan/Documents/gitlab/libraries/react-redux/website/docusaurus.config.js
356,ObjectExpression,,-1,-1,122,12,125,13,/Users/masudulhasanmasudbhuiyan/Documents/gitlab/libraries/react-redux/website/docusaurus.config.js
357,Property,,-1,-1,123,14,123,40,/Users/masudulhasanmasudbhuiyan/Documents/gitlab/libraries/react-redux/website/docusaurus.config.js
358,Property,,-1,-1,124,14,124,54,/Users/masudulhasanmasudbhuiyan/Documents/gitlab/libraries/react-redux/website/docusaurus.config.js
359,ObjectExpression,,-1,-1,126,12,129,13,/Users/masudulhasanmasudbhuiyan/Documents/gitlab/libraries/react-redux/website/docusaurus.config.js
360,Property,,-1,-1,127,14,127,36,/Users/masudulhasanmasudbhuiyan/Documents/gitlab/libraries/react-redux/website/docusaurus.config.js
361,Property,,-1,-1,128,14,128,29,/Users/masudulhasanmasudbhuiyan/Documents/gitlab/libraries/react-redux/website/docusaurus.config.js
362,ObjectExpression,,-1,-1,130,12,133,13,/Users/masudulhasanmasudbhuiyan/Documents/gitlab/libraries/react-redux/website/docusaurus.config.js
363,Property,,-1,-1,131,14,131,29,/Users/masudulhasanmasudbhuiyan/Documents/gitlab/libraries/react-redux/website/docusaurus.config.js
364,Property,,-1,-1,132,14,132,35,/Users/masudulhasanmasudbhuiyan/Documents/gitlab/libraries/react-redux/website/docusaurus.config.js
365,ObjectExpression,,-1,-1,136,8,148,9,/Users/masudulhasanmasudbhuiyan/Documents/gitlab/libraries/react-redux/website/docusaurus.config.js
366,Property,,-1,-1,137,10,137,28,/Users/masudulhasanmasudbhuiyan/Documents/gitlab/libraries/react-redux/website/docusaurus.config.js
367,Property,,-1,-1,138,10,147,11,/Users/masudulhasanmasudbhuiyan/Documents/gitlab/libraries/react-redux/website/docusaurus.config.js
368,ArrayExpression,,-1,-1,138,17,147,11,/Users/masudulhasanmasudbhuiyan/Documents/gitlab/libraries/react-redux/website/docusaurus.config.js
369,ObjectExpression,,-1,-1,139,12,142,13,/Users/masudulhasanmasudbhuiyan/Documents/gitlab/libraries/react-redux/website/docusaurus.config.js
370,Property,,-1,-1,140,14,140,37,/Users/masudulhasanmasudbhuiyan/Documents/gitlab/libraries/react-redux/website/docusaurus.config.js
371,Property,,-1,-1,141,14,141,76,/Users/masudulhasanmasudbhuiyan/Documents/gitlab/libraries/react-redux/website/docusaurus.config.js
372,ObjectExpression,,-1,-1,143,12,146,13,/Users/masudulhasanmasudbhuiyan/Documents/gitlab/libraries/react-redux/website/docusaurus.config.js
373,Property,,-1,-1,144,14,144,30,/Users/masudulhasanmasudbhuiyan/Documents/gitlab/libraries/react-redux/website/docusaurus.config.js
374,Property,,-1,-1,145,14,145,57,/Users/masudulhasanmasudbhuiyan/Documents/gitlab/libraries/react-redux/website/docusaurus.config.js
375,ObjectExpression,,-1,-1,149,8,182,9,/Users/masudulhasanmasudbhuiyan/Documents/gitlab/libraries/react-redux/website/docusaurus.config.js
376,Property,,-1,-1,150,10,150,23,/Users/masudulhasanmasudbhuiyan/Documents/gitlab/libraries/react-redux/website/docusaurus.config.js
377,Property,,-1,-1,151,10,181,11,/Users/masudulhasanmasudbhuiyan/Documents/gitlab/libraries/react-redux/website/docusaurus.config.js
378,ArrayExpression,,-1,-1,151,17,181,11,/Users/masudulhasanmasudbhuiyan/Documents/gitlab/libraries/react-redux/website/docusaurus.config.js
379,ObjectExpression,,-1,-1,152,12,155,13,/Users/masudulhasanmasudbhuiyan/Documents/gitlab/libraries/react-redux/website/docusaurus.config.js
380,Property,,-1,-1,153,14,153,29,/Users/masudulhasanmasudbhuiyan/Documents/gitlab/libraries/react-redux/website/docusaurus.config.js
381,Property,,-1,-1,154,14,154,60,/Users/masudulhasanmasudbhuiyan/Documents/gitlab/libraries/react-redux/website/docusaurus.config.js
382,ObjectExpression,,-1,-1,156,12,170,13,/Users/masudulhasanmasudbhuiyan/Documents/gitlab/libraries/react-redux/website/docusaurus.config.js
383,Property,,-1,-1,157,14,169,15,/Users/masudulhasanmasudbhuiyan/Documents/gitlab/libraries/react-redux/website/docusaurus.config.js
384,Identifier,html,-1,-1,157,14,157,18,/Users/masudulhasanmasudbhuiyan/Documents/gitlab/libraries/react-redux/website/docusaurus.config.js
385,TemplateLiteral,,-1,-1,157,20,169,15,/Users/masudulhasanmasudbhuiyan/Documents/gitlab/libraries/react-redux/website/docusaurus.config.js
386,TemplateElement,,-1,-1,157,20,169,15,/Users/masudulhasanmasudbhuiyan/Documents/gitlab/libraries/react-redux/website/docusaurus.config.js
387,ObjectExpression,,-1,-1,171,12,180,13,/Users/masudulhasanmasudbhuiyan/Documents/gitlab/libraries/react-redux/website/docusaurus.config.js
388,Property,,-1,-1,172,14,179,15,/Users/masudulhasanmasudbhuiyan/Documents/gitlab/libraries/react-redux/website/docusaurus.config.js
389,TemplateLiteral,,-1,-1,172,20,179,15,/Users/masudulhasanmasudbhuiyan/Documents/gitlab/libraries/react-redux/website/docusaurus.config.js
390,TemplateElement,,-1,-1,172,20,179,15,/Users/masudulhasanmasudbhuiyan/Documents/gitlab/libraries/react-redux/website/docusaurus.config.js
391,Property,,-1,-1,185,4,190,5,/Users/masudulhasanmasudbhuiyan/Documents/gitlab/libraries/react-redux/website/docusaurus.config.js
392,Identifier,algolia,-1,-1,185,4,185,11,/Users/masudulhasanmasudbhuiyan/Documents/gitlab/libraries/react-redux/website/docusaurus.config.js
393,ObjectExpression,,-1,-1,185,13,190,5,/Users/masudulhasanmasudbhuiyan/Documents/gitlab/libraries/react-redux/website/docusaurus.config.js
394,Property,,-1,-1,186,6,186,16,/Users/masudulhasanmasudbhuiyan/Documents/gitlab/libraries/react-redux/website/docusaurus.config.js
395,Identifier,appId,-1,-1,186,6,186,11,/Users/masudulhasanmasudbhuiyan/Documents/gitlab/libraries/react-redux/website/docusaurus.config.js
396,Property,,-1,-1,187,6,187,48,/Users/masudulhasanmasudbhuiyan/Documents/gitlab/libraries/react-redux/website/docusaurus.config.js
397,Identifier,apiKey,-1,-1,187,6,187,12,/Users/masudulhasanmasudbhuiyan/Documents/gitlab/libraries/react-redux/website/docusaurus.config.js
398,Property,,-1,-1,188,6,188,30,/Users/masudulhasanmasudbhuiyan/Documents/gitlab/libraries/react-redux/website/docusaurus.config.js
399,Identifier,indexName,-1,-1,188,6,188,15,/Users/masudulhasanmasudbhuiyan/Documents/gitlab/libraries/react-redux/website/docusaurus.config.js
400,Property,,-1,-1,189,6,189,24,/Users/masudulhasanmasudbhuiyan/Documents/gitlab/libraries/react-redux/website/docusaurus.config.js
401,Identifier,algoliaOptions,-1,-1,189,6,189,20,/Users/masudulhasanmasudbhuiyan/Documents/gitlab/libraries/react-redux/website/docusaurus.config.js
402,ObjectExpression,,-1,-1,189,22,189,24,/Users/masudulhasanmasudbhuiyan/Documents/gitlab/libraries/react-redux/website/docusaurus.config.js
403,Property,,-1,-1,192,2,205,3,/Users/masudulhasanmasudbhuiyan/Documents/gitlab/libraries/react-redux/website/docusaurus.config.js
404,Identifier,plugins,-1,-1,192,2,192,9,/Users/masudulhasanmasudbhuiyan/Documents/gitlab/libraries/react-redux/website/docusaurus.config.js
405,ArrayExpression,,-1,-1,192,11,205,3,/Users/masudulhasanmasudbhuiyan/Documents/gitlab/libraries/react-redux/website/docusaurus.config.js
406,ArrayExpression,,-1,-1,193,4,204,5,/Users/masudulhasanmasudbhuiyan/Documents/gitlab/libraries/react-redux/website/docusaurus.config.js
407,ObjectExpression,,-1,-1,196,7,203,7,/Users/masudulhasanmasudbhuiyan/Documents/gitlab/libraries/react-redux/website/docusaurus.config.js
408,Property,,-1,-1,197,8,197,57,/Users/masudulhasanmasudbhuiyan/Documents/gitlab/libraries/react-redux/website/docusaurus.config.js
409,Identifier,websiteID,-1,-1,197,8,197,17,/Users/masudulhasanmasudbhuiyan/Documents/gitlab/libraries/react-redux/website/docusaurus.config.js
410,Property,,-1,-1,198,8,198,58,/Users/masudulhasanmasudbhuiyan/Documents/gitlab/libraries/react-redux/website/docusaurus.config.js
411,Identifier,analyticsDomain,-1,-1,198,8,198,23,/Users/masudulhasanmasudbhuiyan/Documents/gitlab/libraries/react-redux/website/docusaurus.config.js
412,Property,,-1,-1,199,8,199,31,/Users/masudulhasanmasudbhuiyan/Documents/gitlab/libraries/react-redux/website/docusaurus.config.js
413,Identifier,scriptName,-1,-1,199,8,199,18,/Users/masudulhasanmasudbhuiyan/Documents/gitlab/libraries/react-redux/website/docusaurus.config.js
414,Property,,-1,-1,200,8,200,27,/Users/masudulhasanmasudbhuiyan/Documents/gitlab/libraries/react-redux/website/docusaurus.config.js
415,Identifier,dataAutoTrack,-1,-1,200,8,200,21,/Users/masudulhasanmasudbhuiyan/Documents/gitlab/libraries/react-redux/website/docusaurus.config.js
416,Property,,-1,-1,201,8,201,28,/Users/masudulhasanmasudbhuiyan/Documents/gitlab/libraries/react-redux/website/docusaurus.config.js
417,Identifier,dataDoNotTrack,-1,-1,201,8,201,22,/Users/masudulhasanmasudbhuiyan/Documents/gitlab/libraries/react-redux/website/docusaurus.config.js
418,Property,,-1,-1,202,8,202,23,/Users/masudulhasanmasudbhuiyan/Documents/gitlab/libraries/react-redux/website/docusaurus.config.js
419,Identifier,dataCache,-1,-1,202,8,202,17,/Users/masudulhasanmasudbhuiyan/Documents/gitlab/libraries/react-redux/website/docusaurus.config.js
420,ExpressionStatement,,-1,-1,208,0,208,27,/Users/masudulhasanmasudbhuiyan/Documents/gitlab/libraries/react-redux/website/docusaurus.config.js
421,AssignmentExpression,,-1,-1,208,0,208,27,/Users/masudulhasanmasudbhuiyan/Documents/gitlab/libraries/react-redux/website/docusaurus.config.js
422,MemberExpression,,-1,-1,208,0,208,14,/Users/masudulhasanmasudbhuiyan/Documents/gitlab/libraries/react-redux/website/docusaurus.config.js
423,Identifier,module,-1,-1,208,0,208,6,/Users/masudulhasanmasudbhuiyan/Documents/gitlab/libraries/react-redux/website/docusaurus.config.js
424,Identifier,exports,-1,-1,208,7,208,14,/Users/masudulhasanmasudbhuiyan/Documents/gitlab/libraries/react-redux/website/docusaurus.config.js
425,Program,,-1,-1,1,0,44,1,/Users/masudulhasanmasudbhuiyan/Documents/gitlab/libraries/react-redux/website/sidebars.js
426,ExpressionStatement,,-1,-1,1,0,44,1,/Users/masudulhasanmasudbhuiyan/Documents/gitlab/libraries/react-redux/website/sidebars.js
427,AssignmentExpression,,-1,-1,1,0,44,1,/Users/masudulhasanmasudbhuiyan/Documents/gitlab/libraries/react-redux/website/sidebars.js
428,MemberExpression,,-1,-1,1,0,1,14,/Users/masudulhasanmasudbhuiyan/Documents/gitlab/libraries/react-redux/website/sidebars.js
429,Identifier,module,-1,-1,1,0,1,6,/Users/masudulhasanmasudbhuiyan/Documents/gitlab/libraries/react-redux/website/sidebars.js
430,Identifier,exports,-1,-1,1,7,1,14,/Users/masudulhasanmasudbhuiyan/Documents/gitlab/libraries/react-redux/website/sidebars.js
431,ObjectExpression,,-1,-1,1,17,44,1,/Users/masudulhasanmasudbhuiyan/Documents/gitlab/libraries/react-redux/website/sidebars.js
432,Property,,-1,-1,2,2,43,3,/Users/masudulhasanmasudbhuiyan/Documents/gitlab/libraries/react-redux/website/sidebars.js
433,Identifier,docs,-1,-1,2,2,2,6,/Users/masudulhasanmasudbhuiyan/Documents/gitlab/libraries/react-redux/website/sidebars.js
434,ArrayExpression,,-1,-1,2,8,43,3,/Users/masudulhasanmasudbhuiyan/Documents/gitlab/libraries/react-redux/website/sidebars.js
435,ObjectExpression,,-1,-1,3,4,11,5,/Users/masudulhasanmasudbhuiyan/Documents/gitlab/libraries/react-redux/website/sidebars.js
436,Property,,-1,-1,4,6,4,22,/Users/masudulhasanmasudbhuiyan/Documents/gitlab/libraries/react-redux/website/sidebars.js
437,Identifier,type,-1,-1,4,6,4,10,/Users/masudulhasanmasudbhuiyan/Documents/gitlab/libraries/react-redux/website/sidebars.js
438,Property,,-1,-1,5,6,5,27,/Users/masudulhasanmasudbhuiyan/Documents/gitlab/libraries/react-redux/website/sidebars.js
439,Identifier,label,-1,-1,5,6,5,11,/Users/masudulhasanmasudbhuiyan/Documents/gitlab/libraries/react-redux/website/sidebars.js
440,Property,,-1,-1,6,6,6,22,/Users/masudulhasanmasudbhuiyan/Documents/gitlab/libraries/react-redux/website/sidebars.js
441,Identifier,collapsed,-1,-1,6,6,6,15,/Users/masudulhasanmasudbhuiyan/Documents/gitlab/libraries/react-redux/website/sidebars.js
442,Property,,-1,-1,7,6,10,7,/Users/masudulhasanmasudbhuiyan/Documents/gitlab/libraries/react-redux/website/sidebars.js
443,Identifier,items,-1,-1,7,6,7,11,/Users/masudulhasanmasudbhuiyan/Documents/gitlab/libraries/react-redux/website/sidebars.js
444,ArrayExpression,,-1,-1,7,13,10,7,/Users/masudulhasanmasudbhuiyan/Documents/gitlab/libraries/react-redux/website/sidebars.js
445,ObjectExpression,,-1,-1,12,4,21,5,/Users/masudulhasanmasudbhuiyan/Documents/gitlab/libraries/react-redux/website/sidebars.js
446,Property,,-1,-1,13,6,13,22,/Users/masudulhasanmasudbhuiyan/Documents/gitlab/libraries/react-redux/website/sidebars.js
447,Property,,-1,-1,14,6,14,24,/Users/masudulhasanmasudbhuiyan/Documents/gitlab/libraries/react-redux/website/sidebars.js
448,Property,,-1,-1,15,6,15,22,/Users/masudulhasanmasudbhuiyan/Documents/gitlab/libraries/react-redux/website/sidebars.js
449,Property,,-1,-1,16,6,20,7,/Users/masudulhasanmasudbhuiyan/Documents/gitlab/libraries/react-redux/website/sidebars.js
450,ArrayExpression,,-1,-1,16,13,20,7,/Users/masudulhasanmasudbhuiyan/Documents/gitlab/libraries/react-redux/website/sidebars.js
451,ObjectExpression,,-1,-1,22,4,32,5,/Users/masudulhasanmasudbhuiyan/Documents/gitlab/libraries/react-redux/website/sidebars.js
452,Property,,-1,-1,23,6,23,22,/Users/masudulhasanmasudbhuiyan/Documents/gitlab/libraries/react-redux/website/sidebars.js
453,Property,,-1,-1,24,6,24,32,/Users/masudulhasanmasudbhuiyan/Documents/gitlab/libraries/react-redux/website/sidebars.js
454,Property,,-1,-1,25,6,25,22,/Users/masudulhasanmasudbhuiyan/Documents/gitlab/libraries/react-redux/website/sidebars.js
455,Property,,-1,-1,26,6,31,7,/Users/masudulhasanmasudbhuiyan/Documents/gitlab/libraries/react-redux/website/sidebars.js
456,ArrayExpression,,-1,-1,26,13,31,7,/Users/masudulhasanmasudbhuiyan/Documents/gitlab/libraries/react-redux/website/sidebars.js
457,ObjectExpression,,-1,-1,33,4,37,5,/Users/masudulhasanmasudbhuiyan/Documents/gitlab/libraries/react-redux/website/sidebars.js
458,Property,,-1,-1,34,6,34,22,/Users/masudulhasanmasudbhuiyan/Documents/gitlab/libraries/react-redux/website/sidebars.js
459,Property,,-1,-1,35,6,35,28,/Users/masudulhasanmasudbhuiyan/Documents/gitlab/libraries/react-redux/website/sidebars.js
460,Property,,-1,-1,36,6,36,70,/Users/masudulhasanmasudbhuiyan/Documents/gitlab/libraries/react-redux/website/sidebars.js
461,ArrayExpression,,-1,-1,36,13,36,70,/Users/masudulhasanmasudbhuiyan/Documents/gitlab/libraries/react-redux/website/sidebars.js
462,ObjectExpression,,-1,-1,38,4,42,5,/Users/masudulhasanmasudbhuiyan/Documents/gitlab/libraries/react-redux/website/sidebars.js
463,Property,,-1,-1,39,6,39,22,/Users/masudulhasanmasudbhuiyan/Documents/gitlab/libraries/react-redux/website/sidebars.js
464,Property,,-1,-1,40,6,40,21,/Users/masudulhasanmasudbhuiyan/Documents/gitlab/libraries/react-redux/website/sidebars.js
465,Property,,-1,-1,41,6,41,32,/Users/masudulhasanmasudbhuiyan/Documents/gitlab/libraries/react-redux/website/sidebars.js
466,ArrayExpression,,-1,-1,41,13,41,32,/Users/masudulhasanmasudbhuiyan/Documents/gitlab/libraries/react-redux/website/sidebars.js
467,Program,,-1,-1,1,0,45,3,/Users/masudulhasanmasudbhuiyan/Documents/gitlab/libraries/react-redux/website/static/scripts/codeblock.js
468,ExpressionStatement,,-1,-1,1,0,45,3,/Users/masudulhasanmasudbhuiyan/Documents/gitlab/libraries/react-redux/website/static/scripts/codeblock.js
469,CallExpression,addEventListener,-1,2,1,0,45,2,/Users/masudulhasanmasudbhuiyan/Documents/gitlab/libraries/react-redux/website/static/scripts/codeblock.js
470,MemberExpression,,-1,-1,1,0,1,23,/Users/masudulhasanmasudbhuiyan/Documents/gitlab/libraries/react-redux/website/static/scripts/codeblock.js
471,Identifier,window,-1,-1,1,0,1,6,/Users/masudulhasanmasudbhuiyan/Documents/gitlab/libraries/react-redux/website/static/scripts/codeblock.js
472,Identifier,addEventListener,-1,-1,1,7,1,23,/Users/masudulhasanmasudbhuiyan/Documents/gitlab/libraries/react-redux/website/static/scripts/codeblock.js
473,FunctionExpression,,0,-1,1,32,45,1,/Users/masudulhasanmasudbhuiyan/Documents/gitlab/libraries/react-redux/website/static/scripts/codeblock.js
474,BlockStatement,,-1,-1,1,43,45,1,/Users/masudulhasanmasudbhuiyan/Documents/gitlab/libraries/react-redux/website/static/scripts/codeblock.js
475,FunctionDeclaration,button,4,-1,2,2,15,3,/Users/masudulhasanmasudbhuiyan/Documents/gitlab/libraries/react-redux/website/static/scripts/codeblock.js
476,Identifier,button,-1,-1,2,11,2,17,/Users/masudulhasanmasudbhuiyan/Documents/gitlab/libraries/react-redux/website/static/scripts/codeblock.js
477,Identifier,label,-1,-1,2,18,2,23,/Users/masudulhasanmasudbhuiyan/Documents/gitlab/libraries/react-redux/website/static/scripts/codeblock.js
478,Identifier,ariaLabel,-1,-1,2,25,2,34,/Users/masudulhasanmasudbhuiyan/Documents/gitlab/libraries/react-redux/website/static/scripts/codeblock.js
479,Identifier,icon,-1,-1,2,36,2,40,/Users/masudulhasanmasudbhuiyan/Documents/gitlab/libraries/react-redux/website/static/scripts/codeblock.js
480,Identifier,className,-1,-1,2,42,2,51,/Users/masudulhasanmasudbhuiyan/Documents/gitlab/libraries/react-redux/website/static/scripts/codeblock.js
481,BlockStatement,,-1,-1,2,53,15,3,/Users/masudulhasanmasudbhuiyan/Documents/gitlab/libraries/react-redux/website/static/scripts/codeblock.js
482,VariableDeclaration,,-1,-1,3,4,3,49,/Users/masudulhasanmasudbhuiyan/Documents/gitlab/libraries/react-redux/website/static/scripts/codeblock.js
483,VariableDeclarator,,-1,-1,3,10,3,48,/Users/masudulhasanmasudbhuiyan/Documents/gitlab/libraries/react-redux/website/static/scripts/codeblock.js
484,Identifier,btn,-1,-1,3,10,3,13,/Users/masudulhasanmasudbhuiyan/Documents/gitlab/libraries/react-redux/website/static/scripts/codeblock.js
485,CallExpression,createElement,-1,1,3,16,3,48,/Users/masudulhasanmasudbhuiyan/Documents/gitlab/libraries/react-redux/website/static/scripts/codeblock.js
486,MemberExpression,,-1,-1,3,16,3,38,/Users/masudulhasanmasudbhuiyan/Documents/gitlab/libraries/react-redux/website/static/scripts/codeblock.js
487,Identifier,document,-1,-1,3,16,3,24,/Users/masudulhasanmasudbhuiyan/Documents/gitlab/libraries/react-redux/website/static/scripts/codeblock.js
488,Identifier,createElement,-1,-1,3,25,3,38,/Users/masudulhasanmasudbhuiyan/Documents/gitlab/libraries/react-redux/website/static/scripts/codeblock.js
489,ExpressionStatement,,-1,-1,4,4,4,44,/Users/masudulhasanmasudbhuiyan/Documents/gitlab/libraries/react-redux/website/static/scripts/codeblock.js
490,CallExpression,add,-1,2,4,4,4,43,/Users/masudulhasanmasudbhuiyan/Documents/gitlab/libraries/react-redux/website/static/scripts/codeblock.js
491,MemberExpression,,-1,-1,4,4,4,21,/Users/masudulhasanmasudbhuiyan/Documents/gitlab/libraries/react-redux/website/static/scripts/codeblock.js
492,MemberExpression,,-1,-1,4,4,4,17,/Users/masudulhasanmasudbhuiyan/Documents/gitlab/libraries/react-redux/website/static/scripts/codeblock.js
493,Identifier,classList,-1,-1,4,8,4,17,/Users/masudulhasanmasudbhuiyan/Documents/gitlab/libraries/react-redux/website/static/scripts/codeblock.js
494,Identifier,add,-1,-1,4,18,4,21,/Users/masudulhasanmasudbhuiyan/Documents/gitlab/libraries/react-redux/website/static/scripts/codeblock.js
495,ExpressionStatement,,-1,-1,5,4,5,39,/Users/masudulhasanmasudbhuiyan/Documents/gitlab/libraries/react-redux/website/static/scripts/codeblock.js
496,CallExpression,setAttribute,-1,2,5,4,5,38,/Users/masudulhasanmasudbhuiyan/Documents/gitlab/libraries/react-redux/website/static/scripts/codeblock.js
497,MemberExpression,,-1,-1,5,4,5,20,/Users/masudulhasanmasudbhuiyan/Documents/gitlab/libraries/react-redux/website/static/scripts/codeblock.js
498,Identifier,setAttribute,-1,-1,5,8,5,20,/Users/masudulhasanmasudbhuiyan/Documents/gitlab/libraries/react-redux/website/static/scripts/codeblock.js
499,ExpressionStatement,,-1,-1,6,4,6,46,/Users/masudulhasanmasudbhuiyan/Documents/gitlab/libraries/react-redux/website/static/scripts/codeblock.js
500,CallExpression,setAttribute,-1,2,6,4,6,45,/Users/masudulhasanmasudbhuiyan/Documents/gitlab/libraries/react-redux/website/static/scripts/codeblock.js
501,MemberExpression,,-1,-1,6,4,6,20,/Users/masudulhasanmasudbhuiyan/Documents/gitlab/libraries/react-redux/website/static/scripts/codeblock.js
502,ExpressionStatement,,-1,-1,7,4,13,15,/Users/masudulhasanmasudbhuiyan/Documents/gitlab/libraries/react-redux/website/static/scripts/codeblock.js
503,AssignmentExpression,,-1,-1,7,4,13,14,/Users/masudulhasanmasudbhuiyan/Documents/gitlab/libraries/react-redux/website/static/scripts/codeblock.js
504,MemberExpression,,-1,-1,7,4,7,17,/Users/masudulhasanmasudbhuiyan/Documents/gitlab/libraries/react-redux/website/static/scripts/codeblock.js
505,Identifier,innerHTML,-1,-1,7,8,7,17,/Users/masudulhasanmasudbhuiyan/Documents/gitlab/libraries/react-redux/website/static/scripts/codeblock.js
506,BinaryExpression,,-1,-1,8,6,13,14,/Users/masudulhasanmasudbhuiyan/Documents/gitlab/libraries/react-redux/website/static/scripts/codeblock.js
507,BinaryExpression,,-1,-1,8,6,12,17,/Users/masudulhasanmasudbhuiyan/Documents/gitlab/libraries/react-redux/website/static/scripts/codeblock.js
508,BinaryExpression,,-1,-1,8,6,11,11,/Users/masudulhasanmasudbhuiyan/Documents/gitlab/libraries/react-redux/website/static/scripts/codeblock.js
509,BinaryExpression,,-1,-1,8,6,10,39,/Users/masudulhasanmasudbhuiyan/Documents/gitlab/libraries/react-redux/website/static/scripts/codeblock.js
510,BinaryExpression,,-1,-1,8,6,9,10,/Users/masudulhasanmasudbhuiyan/Documents/gitlab/libraries/react-redux/website/static/scripts/codeblock.js
511,ReturnStatement,,-1,-1,14,4,14,15,/Users/masudulhasanmasudbhuiyan/Documents/gitlab/libraries/react-redux/website/static/scripts/codeblock.js
512,FunctionDeclaration,addButtons,2,-1,17,2,21,3,/Users/masudulhasanmasudbhuiyan/Documents/gitlab/libraries/react-redux/website/static/scripts/codeblock.js
513,Identifier,addButtons,-1,-1,17,11,17,21,/Users/masudulhasanmasudbhuiyan/Documents/gitlab/libraries/react-redux/website/static/scripts/codeblock.js
514,Identifier,codeBlockSelector,-1,-1,17,22,17,39,/Users/masudulhasanmasudbhuiyan/Documents/gitlab/libraries/react-redux/website/static/scripts/codeblock.js
515,BlockStatement,,-1,-1,17,46,21,3,/Users/masudulhasanmasudbhuiyan/Documents/gitlab/libraries/react-redux/website/static/scripts/codeblock.js
516,ExpressionStatement,,-1,-1,18,4,20,7,/Users/masudulhasanmasudbhuiyan/Documents/gitlab/libraries/react-redux/website/static/scripts/codeblock.js
517,CallExpression,forEach,-1,1,18,4,20,6,/Users/masudulhasanmasudbhuiyan/Documents/gitlab/libraries/react-redux/website/static/scripts/codeblock.js
518,MemberExpression,,-1,-1,18,4,18,56,/Users/masudulhasanmasudbhuiyan/Documents/gitlab/libraries/react-redux/website/static/scripts/codeblock.js
519,CallExpression,querySelectorAll,-1,1,18,4,18,48,/Users/masudulhasanmasudbhuiyan/Documents/gitlab/libraries/react-redux/website/static/scripts/codeblock.js
520,MemberExpression,,-1,-1,18,4,18,29,/Users/masudulhasanmasudbhuiyan/Documents/gitlab/libraries/react-redux/website/static/scripts/codeblock.js
521,Identifier,querySelectorAll,-1,-1,18,13,18,29,/Users/masudulhasanmasudbhuiyan/Documents/gitlab/libraries/react-redux/website/static/scripts/codeblock.js
522,Identifier,forEach,-1,-1,18,49,18,56,/Users/masudulhasanmasudbhuiyan/Documents/gitlab/libraries/react-redux/website/static/scripts/codeblock.js
523,FunctionExpression,,1,-1,18,57,20,5,/Users/masudulhasanmasudbhuiyan/Documents/gitlab/libraries/react-redux/website/static/scripts/codeblock.js
524,Identifier,code,-1,-1,18,66,18,70,/Users/masudulhasanmasudbhuiyan/Documents/gitlab/libraries/react-redux/website/static/scripts/codeblock.js
525,BlockStatement,,-1,-1,18,72,20,5,/Users/masudulhasanmasudbhuiyan/Documents/gitlab/libraries/react-redux/website/static/scripts/codeblock.js
526,ExpressionStatement,,-1,-1,19,6,19,55,/Users/masudulhasanmasudbhuiyan/Documents/gitlab/libraries/react-redux/website/static/scripts/codeblock.js
527,CallExpression,appendChild,-1,1,19,6,19,54,/Users/masudulhasanmasudbhuiyan/Documents/gitlab/libraries/react-redux/website/static/scripts/codeblock.js
528,MemberExpression,,-1,-1,19,6,19,33,/Users/masudulhasanmasudbhuiyan/Documents/gitlab/libraries/react-redux/website/static/scripts/codeblock.js
529,MemberExpression,,-1,-1,19,6,19,21,/Users/masudulhasanmasudbhuiyan/Documents/gitlab/libraries/react-redux/website/static/scripts/codeblock.js
530,Identifier,parentNode,-1,-1,19,11,19,21,/Users/masudulhasanmasudbhuiyan/Documents/gitlab/libraries/react-redux/website/static/scripts/codeblock.js
531,Identifier,appendChild,-1,-1,19,22,19,33,/Users/masudulhasanmasudbhuiyan/Documents/gitlab/libraries/react-redux/website/static/scripts/codeblock.js
532,CallExpression,cloneNode,-1,1,19,34,19,53,/Users/masudulhasanmasudbhuiyan/Documents/gitlab/libraries/react-redux/website/static/scripts/codeblock.js
533,MemberExpression,,-1,-1,19,34,19,47,/Users/masudulhasanmasudbhuiyan/Documents/gitlab/libraries/react-redux/website/static/scripts/codeblock.js
534,Identifier,cloneNode,-1,-1,19,38,19,47,/Users/masudulhasanmasudbhuiyan/Documents/gitlab/libraries/react-redux/website/static/scripts/codeblock.js
535,VariableDeclaration,,-1,-1,23,2,24,703,/Users/masudulhasanmasudbhuiyan/Documents/gitlab/libraries/react-redux/website/static/scripts/codeblock.js
536,VariableDeclarator,,-1,-1,23,8,24,702,/Users/masudulhasanmasudbhuiyan/Documents/gitlab/libraries/react-redux/website/static/scripts/codeblock.js
537,Identifier,copyIcon,-1,-1,23,8,23,16,/Users/masudulhasanmasudbhuiyan/Documents/gitlab/libraries/react-redux/website/static/scripts/codeblock.js
538,ExpressionStatement,,-1,-1,26,2,29,4,/Users/masudulhasanmasudbhuiyan/Documents/gitlab/libraries/react-redux/website/static/scripts/codeblock.js
539,CallExpression,addButtons,-1,2,26,2,29,3,/Users/masudulhasanmasudbhuiyan/Documents/gitlab/libraries/react-redux/website/static/scripts/codeblock.js
540,CallExpression,button,-1,4,28,4,28,70,/Users/masudulhasanmasudbhuiyan/Documents/gitlab/libraries/react-redux/website/static/scripts/codeblock.js
541,VariableDeclaration,,-1,-1,31,2,35,5,/Users/masudulhasanmasudbhuiyan/Documents/gitlab/libraries/react-redux/website/static/scripts/codeblock.js
542,VariableDeclarator,,-1,-1,31,8,35,4,/Users/masudulhasanmasudbhuiyan/Documents/gitlab/libraries/react-redux/website/static/scripts/codeblock.js
543,Identifier,clipboard,-1,-1,31,8,31,17,/Users/masudulhasanmasudbhuiyan/Documents/gitlab/libraries/react-redux/website/static/scripts/codeblock.js
544,NewExpression,ClipboardJS,-1,2,31,20,35,4,/Users/masudulhasanmasudbhuiyan/Documents/gitlab/libraries/react-redux/website/static/scripts/codeblock.js
545,Identifier,ClipboardJS,-1,-1,31,24,31,35,/Users/masudulhasanmasudbhuiyan/Documents/gitlab/libraries/react-redux/website/static/scripts/codeblock.js
546,ObjectExpression,,-1,-1,31,53,35,3,/Users/masudulhasanmasudbhuiyan/Documents/gitlab/libraries/react-redux/website/static/scripts/codeblock.js
547,Property,,-1,-1,32,4,34,5,/Users/masudulhasanmasudbhuiyan/Documents/gitlab/libraries/react-redux/website/static/scripts/codeblock.js
548,Identifier,target,-1,-1,32,4,32,10,/Users/masudulhasanmasudbhuiyan/Documents/gitlab/libraries/react-redux/website/static/scripts/codeblock.js
549,FunctionExpression,,1,-1,32,12,34,5,/Users/masudulhasanmasudbhuiyan/Documents/gitlab/libraries/react-redux/website/static/scripts/codeblock.js
550,Identifier,trigger,-1,-1,32,21,32,28,/Users/masudulhasanmasudbhuiyan/Documents/gitlab/libraries/react-redux/website/static/scripts/codeblock.js
551,BlockStatement,,-1,-1,32,30,34,5,/Users/masudulhasanmasudbhuiyan/Documents/gitlab/libraries/react-redux/website/static/scripts/codeblock.js
552,ReturnStatement,,-1,-1,33,6,33,54,/Users/masudulhasanmasudbhuiyan/Documents/gitlab/libraries/react-redux/website/static/scripts/codeblock.js
553,CallExpression,querySelector,-1,1,33,13,33,53,/Users/masudulhasanmasudbhuiyan/Documents/gitlab/libraries/react-redux/website/static/scripts/codeblock.js
554,MemberExpression,,-1,-1,33,13,33,45,/Users/masudulhasanmasudbhuiyan/Documents/gitlab/libraries/react-redux/website/static/scripts/codeblock.js
555,MemberExpression,,-1,-1,33,13,33,31,/Users/masudulhasanmasudbhuiyan/Documents/gitlab/libraries/react-redux/website/static/scripts/codeblock.js
556,Identifier,querySelector,-1,-1,33,32,33,45,/Users/masudulhasanmasudbhuiyan/Documents/gitlab/libraries/react-redux/website/static/scripts/codeblock.js
557,ExpressionStatement,,-1,-1,37,2,44,5,/Users/masudulhasanmasudbhuiyan/Documents/gitlab/libraries/react-redux/website/static/scripts/codeblock.js
558,CallExpression,on,-1,2,37,2,44,4,/Users/masudulhasanmasudbhuiyan/Documents/gitlab/libraries/react-redux/website/static/scripts/codeblock.js
559,MemberExpression,,-1,-1,37,2,37,14,/Users/masudulhasanmasudbhuiyan/Documents/gitlab/libraries/react-redux/website/static/scripts/codeblock.js
560,Identifier,on,-1,-1,37,12,37,14,/Users/masudulhasanmasudbhuiyan/Documents/gitlab/libraries/react-redux/website/static/scripts/codeblock.js
561,FunctionExpression,,1,-1,37,26,44,3,/Users/masudulhasanmasudbhuiyan/Documents/gitlab/libraries/react-redux/website/static/scripts/codeblock.js
562,Identifier,event,-1,-1,37,35,37,40,/Users/masudulhasanmasudbhuiyan/Documents/gitlab/libraries/react-redux/website/static/scripts/codeblock.js
563,BlockStatement,,-1,-1,37,42,44,3,/Users/masudulhasanmasudbhuiyan/Documents/gitlab/libraries/react-redux/website/static/scripts/codeblock.js
564,ExpressionStatement,,-1,-1,38,4,38,27,/Users/masudulhasanmasudbhuiyan/Documents/gitlab/libraries/react-redux/website/static/scripts/codeblock.js
565,CallExpression,clearSelection,-1,0,38,4,38,26,/Users/masudulhasanmasudbhuiyan/Documents/gitlab/libraries/react-redux/website/static/scripts/codeblock.js
566,MemberExpression,,-1,-1,38,4,38,24,/Users/masudulhasanmasudbhuiyan/Documents/gitlab/libraries/react-redux/website/static/scripts/codeblock.js
567,Identifier,clearSelection,-1,-1,38,10,38,24,/Users/masudulhasanmasudbhuiyan/Documents/gitlab/libraries/react-redux/website/static/scripts/codeblock.js
568,VariableDeclaration,,-1,-1,39,4,39,66,/Users/masudulhasanmasudbhuiyan/Documents/gitlab/libraries/react-redux/website/static/scripts/codeblock.js
569,VariableDeclarator,,-1,-1,39,10,39,65,/Users/masudulhasanmasudbhuiyan/Documents/gitlab/libraries/react-redux/website/static/scripts/codeblock.js
570,Identifier,textEl,-1,-1,39,10,39,16,/Users/masudulhasanmasudbhuiyan/Documents/gitlab/libraries/react-redux/website/static/scripts/codeblock.js
571,CallExpression,querySelector,-1,1,39,19,39,65,/Users/masudulhasanmasudbhuiyan/Documents/gitlab/libraries/react-redux/website/static/scripts/codeblock.js
572,MemberExpression,,-1,-1,39,19,39,46,/Users/masudulhasanmasudbhuiyan/Documents/gitlab/libraries/react-redux/website/static/scripts/codeblock.js
573,MemberExpression,,-1,-1,39,19,39,32,/Users/masudulhasanmasudbhuiyan/Documents/gitlab/libraries/react-redux/website/static/scripts/codeblock.js
574,ExpressionStatement,,-1,-1,40,4,40,34,/Users/masudulhasanmasudbhuiyan/Documents/gitlab/libraries/react-redux/website/static/scripts/codeblock.js
575,AssignmentExpression,,-1,-1,40,4,40,33,/Users/masudulhasanmasudbhuiyan/Documents/gitlab/libraries/react-redux/website/static/scripts/codeblock.js
576,MemberExpression,,-1,-1,40,4,40,22,/Users/masudulhasanmasudbhuiyan/Documents/gitlab/libraries/react-redux/website/static/scripts/codeblock.js
577,Identifier,textContent,-1,-1,40,11,40,22,/Users/masudulhasanmasudbhuiyan/Documents/gitlab/libraries/react-redux/website/static/scripts/codeblock.js
578,ExpressionStatement,,-1,-1,41,4,43,13,/Users/masudulhasanmasudbhuiyan/Documents/gitlab/libraries/react-redux/website/static/scripts/codeblock.js
579,CallExpression,setTimeout,-1,2,41,4,43,12,/Users/masudulhasanmasudbhuiyan/Documents/gitlab/libraries/react-redux/website/static/scripts/codeblock.js
580,Identifier,setTimeout,-1,-1,41,4,41,14,/Users/masudulhasanmasudbhuiyan/Documents/gitlab/libraries/react-redux/website/static/scripts/codeblock.js
581,FunctionExpression,,0,-1,41,15,43,5,/Users/masudulhasanmasudbhuiyan/Documents/gitlab/libraries/react-redux/website/static/scripts/codeblock.js
582,BlockStatement,,-1,-1,41,26,43,5,/Users/masudulhasanmasudbhuiyan/Documents/gitlab/libraries/react-redux/website/static/scripts/codeblock.js
583,ExpressionStatement,,-1,-1,42,6,42,34,/Users/masudulhasanmasudbhuiyan/Documents/gitlab/libraries/react-redux/website/static/scripts/codeblock.js
584,AssignmentExpression,,-1,-1,42,6,42,33,/Users/masudulhasanmasudbhuiyan/Documents/gitlab/libraries/react-redux/website/static/scripts/codeblock.js
585,MemberExpression,,-1,-1,42,6,42,24,/Users/masudulhasanmasudbhuiyan/Documents/gitlab/libraries/react-redux/website/static/scripts/codeblock.js
586,Program,,-1,-1,1,0,62,1,/Users/masudulhasanmasudbhuiyan/Documents/gitlab/libraries/react-redux/website/static/scripts/monokaiTheme.js
587,ExpressionStatement,,-1,-1,1,0,62,1,/Users/masudulhasanmasudbhuiyan/Documents/gitlab/libraries/react-redux/website/static/scripts/monokaiTheme.js
588,AssignmentExpression,,-1,-1,1,0,62,1,/Users/masudulhasanmasudbhuiyan/Documents/gitlab/libraries/react-redux/website/static/scripts/monokaiTheme.js
589,MemberExpression,,-1,-1,1,0,1,14,/Users/masudulhasanmasudbhuiyan/Documents/gitlab/libraries/react-redux/website/static/scripts/monokaiTheme.js
590,Identifier,module,-1,-1,1,0,1,6,/Users/masudulhasanmasudbhuiyan/Documents/gitlab/libraries/react-redux/website/static/scripts/monokaiTheme.js
591,Identifier,exports,-1,-1,1,7,1,14,/Users/masudulhasanmasudbhuiyan/Documents/gitlab/libraries/react-redux/website/static/scripts/monokaiTheme.js
592,ObjectExpression,,-1,-1,1,17,62,1,/Users/masudulhasanmasudbhuiyan/Documents/gitlab/libraries/react-redux/website/static/scripts/monokaiTheme.js
593,Property,,-1,-1,2,2,5,3,/Users/masudulhasanmasudbhuiyan/Documents/gitlab/libraries/react-redux/website/static/scripts/monokaiTheme.js
594,Identifier,plain,-1,-1,2,2,2,7,/Users/masudulhasanmasudbhuiyan/Documents/gitlab/libraries/react-redux/website/static/scripts/monokaiTheme.js
595,ObjectExpression,,-1,-1,2,9,5,3,/Users/masudulhasanmasudbhuiyan/Documents/gitlab/libraries/react-redux/website/static/scripts/monokaiTheme.js
596,Property,,-1,-1,3,4,3,20,/Users/masudulhasanmasudbhuiyan/Documents/gitlab/libraries/react-redux/website/static/scripts/monokaiTheme.js
597,Identifier,color,-1,-1,3,4,3,9,/Users/masudulhasanmasudbhuiyan/Documents/gitlab/libraries/react-redux/website/static/scripts/monokaiTheme.js
598,Property,,-1,-1,4,4,4,30,/Users/masudulhasanmasudbhuiyan/Documents/gitlab/libraries/react-redux/website/static/scripts/monokaiTheme.js
599,Identifier,backgroundColor,-1,-1,4,4,4,19,/Users/masudulhasanmasudbhuiyan/Documents/gitlab/libraries/react-redux/website/static/scripts/monokaiTheme.js
600,Property,,-1,-1,6,2,61,3,/Users/masudulhasanmasudbhuiyan/Documents/gitlab/libraries/react-redux/website/static/scripts/monokaiTheme.js
601,Identifier,styles,-1,-1,6,2,6,8,/Users/masudulhasanmasudbhuiyan/Documents/gitlab/libraries/react-redux/website/static/scripts/monokaiTheme.js
602,ArrayExpression,,-1,-1,6,10,61,3,/Users/masudulhasanmasudbhuiyan/Documents/gitlab/libraries/react-redux/website/static/scripts/monokaiTheme.js
603,ObjectExpression,,-1,-1,7,4,12,5,/Users/masudulhasanmasudbhuiyan/Documents/gitlab/libraries/react-redux/website/static/scripts/monokaiTheme.js
604,Property,,-1,-1,8,6,8,54,/Users/masudulhasanmasudbhuiyan/Documents/gitlab/libraries/react-redux/website/static/scripts/monokaiTheme.js
605,Identifier,types,-1,-1,8,6,8,11,/Users/masudulhasanmasudbhuiyan/Documents/gitlab/libraries/react-redux/website/static/scripts/monokaiTheme.js
606,ArrayExpression,,-1,-1,8,13,8,54,/Users/masudulhasanmasudbhuiyan/Documents/gitlab/libraries/react-redux/website/static/scripts/monokaiTheme.js
607,Property,,-1,-1,9,6,11,7,/Users/masudulhasanmasudbhuiyan/Documents/gitlab/libraries/react-redux/website/static/scripts/monokaiTheme.js
608,Identifier,style,-1,-1,9,6,9,11,/Users/masudulhasanmasudbhuiyan/Documents/gitlab/libraries/react-redux/website/static/scripts/monokaiTheme.js
609,ObjectExpression,,-1,-1,9,13,11,7,/Users/masudulhasanmasudbhuiyan/Documents/gitlab/libraries/react-redux/website/static/scripts/monokaiTheme.js
610,Property,,-1,-1,10,8,10,24,/Users/masudulhasanmasudbhuiyan/Documents/gitlab/libraries/react-redux/website/static/scripts/monokaiTheme.js
611,ObjectExpression,,-1,-1,13,4,18,5,/Users/masudulhasanmasudbhuiyan/Documents/gitlab/libraries/react-redux/website/static/scripts/monokaiTheme.js
612,Property,,-1,-1,14,6,14,28,/Users/masudulhasanmasudbhuiyan/Documents/gitlab/libraries/react-redux/website/static/scripts/monokaiTheme.js
613,ArrayExpression,,-1,-1,14,13,14,28,/Users/masudulhasanmasudbhuiyan/Documents/gitlab/libraries/react-redux/website/static/scripts/monokaiTheme.js
614,Property,,-1,-1,15,6,17,7,/Users/masudulhasanmasudbhuiyan/Documents/gitlab/libraries/react-redux/website/static/scripts/monokaiTheme.js
615,ObjectExpression,,-1,-1,15,13,17,7,/Users/masudulhasanmasudbhuiyan/Documents/gitlab/libraries/react-redux/website/static/scripts/monokaiTheme.js
616,Property,,-1,-1,16,8,16,24,/Users/masudulhasanmasudbhuiyan/Documents/gitlab/libraries/react-redux/website/static/scripts/monokaiTheme.js
617,ObjectExpression,,-1,-1,19,4,24,5,/Users/masudulhasanmasudbhuiyan/Documents/gitlab/libraries/react-redux/website/static/scripts/monokaiTheme.js
618,Property,,-1,-1,20,6,20,65,/Users/masudulhasanmasudbhuiyan/Documents/gitlab/libraries/react-redux/website/static/scripts/monokaiTheme.js
619,ArrayExpression,,-1,-1,20,13,20,65,/Users/masudulhasanmasudbhuiyan/Documents/gitlab/libraries/react-redux/website/static/scripts/monokaiTheme.js
620,Property,,-1,-1,21,6,23,7,/Users/masudulhasanmasudbhuiyan/Documents/gitlab/libraries/react-redux/website/static/scripts/monokaiTheme.js
621,ObjectExpression,,-1,-1,21,13,23,7,/Users/masudulhasanmasudbhuiyan/Documents/gitlab/libraries/react-redux/website/static/scripts/monokaiTheme.js
622,Property,,-1,-1,22,8,22,24,/Users/masudulhasanmasudbhuiyan/Documents/gitlab/libraries/react-redux/website/static/scripts/monokaiTheme.js
623,ObjectExpression,,-1,-1,25,4,30,5,/Users/masudulhasanmasudbhuiyan/Documents/gitlab/libraries/react-redux/website/static/scripts/monokaiTheme.js
624,Property,,-1,-1,26,6,26,34,/Users/masudulhasanmasudbhuiyan/Documents/gitlab/libraries/react-redux/website/static/scripts/monokaiTheme.js
625,ArrayExpression,,-1,-1,26,13,26,34,/Users/masudulhasanmasudbhuiyan/Documents/gitlab/libraries/react-redux/website/static/scripts/monokaiTheme.js
626,Property,,-1,-1,27,6,29,7,/Users/masudulhasanmasudbhuiyan/Documents/gitlab/libraries/react-redux/website/static/scripts/monokaiTheme.js
627,ObjectExpression,,-1,-1,27,13,29,7,/Users/masudulhasanmasudbhuiyan/Documents/gitlab/libraries/react-redux/website/static/scripts/monokaiTheme.js
628,Property,,-1,-1,28,8,28,24,/Users/masudulhasanmasudbhuiyan/Documents/gitlab/libraries/react-redux/website/static/scripts/monokaiTheme.js
629,ObjectExpression,,-1,-1,31,4,36,5,/Users/masudulhasanmasudbhuiyan/Documents/gitlab/libraries/react-redux/website/static/scripts/monokaiTheme.js
630,Property,,-1,-1,32,6,32,79,/Users/masudulhasanmasudbhuiyan/Documents/gitlab/libraries/react-redux/website/static/scripts/monokaiTheme.js
631,ArrayExpression,,-1,-1,32,13,32,79,/Users/masudulhasanmasudbhuiyan/Documents/gitlab/libraries/react-redux/website/static/scripts/monokaiTheme.js
632,Property,,-1,-1,33,6,35,7,/Users/masudulhasanmasudbhuiyan/Documents/gitlab/libraries/react-redux/website/static/scripts/monokaiTheme.js
633,ObjectExpression,,-1,-1,33,13,35,7,/Users/masudulhasanmasudbhuiyan/Documents/gitlab/libraries/react-redux/website/static/scripts/monokaiTheme.js
634,Property,,-1,-1,34,8,34,24,/Users/masudulhasanmasudbhuiyan/Documents/gitlab/libraries/react-redux/website/static/scripts/monokaiTheme.js
635,ObjectExpression,,-1,-1,37,4,42,5,/Users/masudulhasanmasudbhuiyan/Documents/gitlab/libraries/react-redux/website/static/scripts/monokaiTheme.js
636,Property,,-1,-1,38,6,38,54,/Users/masudulhasanmasudbhuiyan/Documents/gitlab/libraries/react-redux/website/static/scripts/monokaiTheme.js
637,ArrayExpression,,-1,-1,38,13,38,54,/Users/masudulhasanmasudbhuiyan/Documents/gitlab/libraries/react-redux/website/static/scripts/monokaiTheme.js
638,Property,,-1,-1,39,6,41,7,/Users/masudulhasanmasudbhuiyan/Documents/gitlab/libraries/react-redux/website/static/scripts/monokaiTheme.js
639,ObjectExpression,,-1,-1,39,13,41,7,/Users/masudulhasanmasudbhuiyan/Documents/gitlab/libraries/react-redux/website/static/scripts/monokaiTheme.js
640,Property,,-1,-1,40,8,40,24,/Users/masudulhasanmasudbhuiyan/Documents/gitlab/libraries/react-redux/website/static/scripts/monokaiTheme.js
641,ObjectExpression,,-1,-1,43,4,48,5,/Users/masudulhasanmasudbhuiyan/Documents/gitlab/libraries/react-redux/website/static/scripts/monokaiTheme.js
642,Property,,-1,-1,44,6,44,49,/Users/masudulhasanmasudbhuiyan/Documents/gitlab/libraries/react-redux/website/static/scripts/monokaiTheme.js
643,ArrayExpression,,-1,-1,44,13,44,49,/Users/masudulhasanmasudbhuiyan/Documents/gitlab/libraries/react-redux/website/static/scripts/monokaiTheme.js
644,Property,,-1,-1,45,6,47,7,/Users/masudulhasanmasudbhuiyan/Documents/gitlab/libraries/react-redux/website/static/scripts/monokaiTheme.js
645,ObjectExpression,,-1,-1,45,13,47,7,/Users/masudulhasanmasudbhuiyan/Documents/gitlab/libraries/react-redux/website/static/scripts/monokaiTheme.js
646,Property,,-1,-1,46,8,46,24,/Users/masudulhasanmasudbhuiyan/Documents/gitlab/libraries/react-redux/website/static/scripts/monokaiTheme.js
647,ObjectExpression,,-1,-1,49,4,54,5,/Users/masudulhasanmasudbhuiyan/Documents/gitlab/libraries/react-redux/website/static/scripts/monokaiTheme.js
648,Property,,-1,-1,50,6,50,24,/Users/masudulhasanmasudbhuiyan/Documents/gitlab/libraries/react-redux/website/static/scripts/monokaiTheme.js
649,ArrayExpression,,-1,-1,50,13,50,24,/Users/masudulhasanmasudbhuiyan/Documents/gitlab/libraries/react-redux/website/static/scripts/monokaiTheme.js
650,Property,,-1,-1,51,6,53,7,/Users/masudulhasanmasudbhuiyan/Documents/gitlab/libraries/react-redux/website/static/scripts/monokaiTheme.js
651,ObjectExpression,,-1,-1,51,13,53,7,/Users/masudulhasanmasudbhuiyan/Documents/gitlab/libraries/react-redux/website/static/scripts/monokaiTheme.js
652,Property,,-1,-1,52,8,52,24,/Users/masudulhasanmasudbhuiyan/Documents/gitlab/libraries/react-redux/website/static/scripts/monokaiTheme.js
653,ObjectExpression,,-1,-1,55,4,60,5,/Users/masudulhasanmasudbhuiyan/Documents/gitlab/libraries/react-redux/website/static/scripts/monokaiTheme.js
654,Property,,-1,-1,56,6,56,35,/Users/masudulhasanmasudbhuiyan/Documents/gitlab/libraries/react-redux/website/static/scripts/monokaiTheme.js
655,ArrayExpression,,-1,-1,56,13,56,35,/Users/masudulhasanmasudbhuiyan/Documents/gitlab/libraries/react-redux/website/static/scripts/monokaiTheme.js
656,Property,,-1,-1,57,6,59,7,/Users/masudulhasanmasudbhuiyan/Documents/gitlab/libraries/react-redux/website/static/scripts/monokaiTheme.js
657,ObjectExpression,,-1,-1,57,13,59,7,/Users/masudulhasanmasudbhuiyan/Documents/gitlab/libraries/react-redux/website/static/scripts/monokaiTheme.js
658,Property,,-1,-1,58,8,58,24,/Users/masudulhasanmasudbhuiyan/Documents/gitlab/libraries/react-redux/website/static/scripts/monokaiTheme.js
659,Program,,-1,-1,1,0,16,3,/Users/masudulhasanmasudbhuiyan/Documents/gitlab/libraries/react-redux/website/static/scripts/sidebarScroll.js
660,ExpressionStatement,,-1,-1,1,0,16,3,/Users/masudulhasanmasudbhuiyan/Documents/gitlab/libraries/react-redux/website/static/scripts/sidebarScroll.js
661,CallExpression,addEventListener,-1,2,1,0,16,2,/Users/masudulhasanmasudbhuiyan/Documents/gitlab/libraries/react-redux/website/static/scripts/sidebarScroll.js
662,MemberExpression,,-1,-1,1,0,1,25,/Users/masudulhasanmasudbhuiyan/Documents/gitlab/libraries/react-redux/website/static/scripts/sidebarScroll.js
663,Identifier,document,-1,-1,1,0,1,8,/Users/masudulhasanmasudbhuiyan/Documents/gitlab/libraries/react-redux/website/static/scripts/sidebarScroll.js
664,Identifier,addEventListener,-1,-1,1,9,1,25,/Users/masudulhasanmasudbhuiyan/Documents/gitlab/libraries/react-redux/website/static/scripts/sidebarScroll.js
665,ArrowFunctionExpression,,0,-1,1,46,16,1,/Users/masudulhasanmasudbhuiyan/Documents/gitlab/libraries/react-redux/website/static/scripts/sidebarScroll.js
666,BlockStatement,,-1,-1,1,52,16,1,/Users/masudulhasanmasudbhuiyan/Documents/gitlab/libraries/react-redux/website/static/scripts/sidebarScroll.js
667,VariableDeclaration,,-1,-1,3,2,3,71,/Users/masudulhasanmasudbhuiyan/Documents/gitlab/libraries/react-redux/website/static/scripts/sidebarScroll.js
668,VariableDeclarator,,-1,-1,3,8,3,70,/Users/masudulhasanmasudbhuiyan/Documents/gitlab/libraries/react-redux/website/static/scripts/sidebarScroll.js
669,Identifier,item,-1,-1,3,8,3,12,/Users/masudulhasanmasudbhuiyan/Documents/gitlab/libraries/react-redux/website/static/scripts/sidebarScroll.js
670,MemberExpression,,-1,-1,3,15,3,70,/Users/masudulhasanmasudbhuiyan/Documents/gitlab/libraries/react-redux/website/static/scripts/sidebarScroll.js
671,CallExpression,getElementsByClassName,-1,1,3,15,3,67,/Users/masudulhasanmasudbhuiyan/Documents/gitlab/libraries/react-redux/website/static/scripts/sidebarScroll.js
672,MemberExpression,,-1,-1,3,15,3,46,/Users/masudulhasanmasudbhuiyan/Documents/gitlab/libraries/react-redux/website/static/scripts/sidebarScroll.js
673,Identifier,getElementsByClassName,-1,-1,3,24,3,46,/Users/masudulhasanmasudbhuiyan/Documents/gitlab/libraries/react-redux/website/static/scripts/sidebarScroll.js
674,IfStatement,,-1,-1,4,2,4,24,/Users/masudulhasanmasudbhuiyan/Documents/gitlab/libraries/react-redux/website/static/scripts/sidebarScroll.js
675,UnaryExpression,,-1,-1,4,6,4,11,/Users/masudulhasanmasudbhuiyan/Documents/gitlab/libraries/react-redux/website/static/scripts/sidebarScroll.js
676,BlockStatement,,-1,-1,4,13,4,24,/Users/masudulhasanmasudbhuiyan/Documents/gitlab/libraries/react-redux/website/static/scripts/sidebarScroll.js
677,ReturnStatement,,-1,-1,4,15,4,22,/Users/masudulhasanmasudbhuiyan/Documents/gitlab/libraries/react-redux/website/static/scripts/sidebarScroll.js
678,VariableDeclaration,,-1,-1,5,2,5,48,/Users/masudulhasanmasudbhuiyan/Documents/gitlab/libraries/react-redux/website/static/scripts/sidebarScroll.js
679,VariableDeclarator,,-1,-1,5,8,5,47,/Users/masudulhasanmasudbhuiyan/Documents/gitlab/libraries/react-redux/website/static/scripts/sidebarScroll.js
680,Identifier,bounding,-1,-1,5,8,5,16,/Users/masudulhasanmasudbhuiyan/Documents/gitlab/libraries/react-redux/website/static/scripts/sidebarScroll.js
681,CallExpression,getBoundingClientRect,-1,0,5,19,5,47,/Users/masudulhasanmasudbhuiyan/Documents/gitlab/libraries/react-redux/website/static/scripts/sidebarScroll.js
682,MemberExpression,,-1,-1,5,19,5,45,/Users/masudulhasanmasudbhuiyan/Documents/gitlab/libraries/react-redux/website/static/scripts/sidebarScroll.js
683,Identifier,getBoundingClientRect,-1,-1,5,24,5,45,/Users/masudulhasanmasudbhuiyan/Documents/gitlab/libraries/react-redux/website/static/scripts/sidebarScroll.js
684,IfStatement,,-1,-1,6,2,15,3,/Users/masudulhasanmasudbhuiyan/Documents/gitlab/libraries/react-redux/website/static/scripts/sidebarScroll.js
685,LogicalExpression,,-1,-1,7,4,8,84,/Users/masudulhasanmasudbhuiyan/Documents/gitlab/libraries/react-redux/website/static/scripts/sidebarScroll.js
686,BinaryExpression,,-1,-1,7,4,7,21,/Users/masudulhasanmasudbhuiyan/Documents/gitlab/libraries/react-redux/website/static/scripts/sidebarScroll.js
687,MemberExpression,,-1,-1,7,4,7,16,/Users/masudulhasanmasudbhuiyan/Documents/gitlab/libraries/react-redux/website/static/scripts/sidebarScroll.js
688,Identifier,top,-1,-1,7,13,7,16,/Users/masudulhasanmasudbhuiyan/Documents/gitlab/libraries/react-redux/website/static/scripts/sidebarScroll.js
689,BinaryExpression,,-1,-1,8,4,8,84,/Users/masudulhasanmasudbhuiyan/Documents/gitlab/libraries/react-redux/website/static/scripts/sidebarScroll.js
690,MemberExpression,,-1,-1,8,4,8,19,/Users/masudulhasanmasudbhuiyan/Documents/gitlab/libraries/react-redux/website/static/scripts/sidebarScroll.js
691,Identifier,bottom,-1,-1,8,13,8,19,/Users/masudulhasanmasudbhuiyan/Documents/gitlab/libraries/react-redux/website/static/scripts/sidebarScroll.js
692,LogicalExpression,,-1,-1,8,24,8,83,/Users/masudulhasanmasudbhuiyan/Documents/gitlab/libraries/react-redux/website/static/scripts/sidebarScroll.js
693,MemberExpression,,-1,-1,8,24,8,42,/Users/masudulhasanmasudbhuiyan/Documents/gitlab/libraries/react-redux/website/static/scripts/sidebarScroll.js
694,Identifier,window,-1,-1,8,24,8,30,/Users/masudulhasanmasudbhuiyan/Documents/gitlab/libraries/react-redux/website/static/scripts/sidebarScroll.js
695,Identifier,innerHeight,-1,-1,8,31,8,42,/Users/masudulhasanmasudbhuiyan/Documents/gitlab/libraries/react-redux/website/static/scripts/sidebarScroll.js
696,MemberExpression,,-1,-1,8,46,8,83,/Users/masudulhasanmasudbhuiyan/Documents/gitlab/libraries/react-redux/website/static/scripts/sidebarScroll.js
697,MemberExpression,,-1,-1,8,46,8,70,/Users/masudulhasanmasudbhuiyan/Documents/gitlab/libraries/react-redux/website/static/scripts/sidebarScroll.js
698,Identifier,documentElement,-1,-1,8,55,8,70,/Users/masudulhasanmasudbhuiyan/Documents/gitlab/libraries/react-redux/website/static/scripts/sidebarScroll.js
699,Identifier,clientHeight,-1,-1,8,71,8,83,/Users/masudulhasanmasudbhuiyan/Documents/gitlab/libraries/react-redux/website/static/scripts/sidebarScroll.js
700,BlockStatement,,-1,-1,9,4,11,3,/Users/masudulhasanmasudbhuiyan/Documents/gitlab/libraries/react-redux/website/static/scripts/sidebarScroll.js
701,BlockStatement,,-1,-1,11,9,15,3,/Users/masudulhasanmasudbhuiyan/Documents/gitlab/libraries/react-redux/website/static/scripts/sidebarScroll.js
702,ExpressionStatement,,-1,-1,13,4,13,62,/Users/masudulhasanmasudbhuiyan/Documents/gitlab/libraries/react-redux/website/static/scripts/sidebarScroll.js
703,CallExpression,scrollIntoView,-1,1,13,4,13,61,/Users/masudulhasanmasudbhuiyan/Documents/gitlab/libraries/react-redux/website/static/scripts/sidebarScroll.js
704,MemberExpression,,-1,-1,13,4,13,23,/Users/masudulhasanmasudbhuiyan/Documents/gitlab/libraries/react-redux/website/static/scripts/sidebarScroll.js
705,Identifier,scrollIntoView,-1,-1,13,9,13,23,/Users/masudulhasanmasudbhuiyan/Documents/gitlab/libraries/react-redux/website/static/scripts/sidebarScroll.js
706,ObjectExpression,,-1,-1,13,24,13,60,/Users/masudulhasanmasudbhuiyan/Documents/gitlab/libraries/react-redux/website/static/scripts/sidebarScroll.js
707,Property,,-1,-1,13,25,13,40,/Users/masudulhasanmasudbhuiyan/Documents/gitlab/libraries/react-redux/website/static/scripts/sidebarScroll.js
708,Identifier,block,-1,-1,13,25,13,30,/Users/masudulhasanmasudbhuiyan/Documents/gitlab/libraries/react-redux/website/static/scripts/sidebarScroll.js
709,Property,,-1,-1,13,42,13,59,/Users/masudulhasanmasudbhuiyan/Documents/gitlab/libraries/react-redux/website/static/scripts/sidebarScroll.js
710,Identifier,inline,-1,-1,13,42,13,48,/Users/masudulhasanmasudbhuiyan/Documents/gitlab/libraries/react-redux/website/static/scripts/sidebarScroll.js
711,ExpressionStatement,,-1,-1,14,4,14,69,/Users/masudulhasanmasudbhuiyan/Documents/gitlab/libraries/react-redux/website/static/scripts/sidebarScroll.js
712,AssignmentExpression,,-1,-1,14,4,14,68,/Users/masudulhasanmasudbhuiyan/Documents/gitlab/libraries/react-redux/website/static/scripts/sidebarScroll.js
713,MemberExpression,,-1,-1,14,4,14,27,/Users/masudulhasanmasudbhuiyan/Documents/gitlab/libraries/react-redux/website/static/scripts/sidebarScroll.js
714,MemberExpression,,-1,-1,14,4,14,17,/Users/masudulhasanmasudbhuiyan/Documents/gitlab/libraries/react-redux/website/static/scripts/sidebarScroll.js
715,Identifier,body,-1,-1,14,13,14,17,/Users/masudulhasanmasudbhuiyan/Documents/gitlab/libraries/react-redux/website/static/scripts/sidebarScroll.js
716,Identifier,scrollTop,-1,-1,14,18,14,27,/Users/masudulhasanmasudbhuiyan/Documents/gitlab/libraries/react-redux/website/static/scripts/sidebarScroll.js
717,AssignmentExpression,,-1,-1,14,30,14,68,/Users/masudulhasanmasudbhuiyan/Documents/gitlab/libraries/react-redux/website/static/scripts/sidebarScroll.js
718,MemberExpression,,-1,-1,14,30,14,64,/Users/masudulhasanmasudbhuiyan/Documents/gitlab/libraries/react-redux/website/static/scripts/sidebarScroll.js
719,MemberExpression,,-1,-1,14,30,14,54,/Users/masudulhasanmasudbhuiyan/Documents/gitlab/libraries/react-redux/website/static/scripts/sidebarScroll.js
